Country,Albania,Algeria,Argentina,Armenia,Australia,Austria,Azerbaijan,Bahrain,Bangladesh,Belarus,Belgium,Benin,Bolivia, Plurinational State of,Bosnia and Herzegovina,Botswana,Brazil,Brunei Darussalam,Bulgaria,Burkina Faso,Burundi,Cambodia,Cameroon,Canada,Chile,China,Colombia,Costa Rica,Cote dIvoire,Croatia,Cyprus,Czech Republic,Denmark,Dominican Republic,Ecuador,Egypt,El Salvador,Estonia,Ethiopia,Finland,France,Georgia,Germany,Greece,Guatemala,Guinea,Honduras,Hong Kong (China),Hungary,Iceland,India,Indonesia,Iran, Islamic Republic of,Ireland,Israel,Italy,Jamaica,Japan,Jordan,Kazakhstan,Kenya,Korea, Republic of,Kuwait,Kyrgyzstan,Latvia,Lebanon,Lithuania,Luxembourg,Madagascar,Malawi,Malaysia,Mali,Malta,Mauritius,Mexico,Moldova, Republic of,Mongolia,Montenegro,Morocco,Mozambique,Namibia,Nepal,Netherlands,New Zealand,Niger,Nigeria,Norway,Oman,Pakistan,Panama,Paraguay,Peru,Philippines,Poland,Portugal,Qatar,Romania,Russian Federation,Rwanda,Saudi Arabia,Senegal,Serbia,Singapore,Slovakia,Slovenia,South Africa,Spain,Sri Lanka,Sweden,Switzerland,Tajikistan,Tanzania, United Republic of,TFYR Macedonia,Thailand,Togo,Trinidad and Tobago,Tunisia,Turkey,Uganda,Ukraine,United Arab Emirates,United Kingdom,United States of America,Uruguay,Viet Nam,Yemen,Zambia,Zimbabwe
Global Innovation Index,28.9,24.3,32,35.7,51.8,53.1,30.6,34.7,23.7,30,49.9,23,25.6,30.2,30,33.1,32.9,42.8,21.9,21.3,27,22.6,53.7,38.7,52.5,34.8,37.1,24,39.8,46.8,51,58.7,31.2,29.1,26,26.7,50.9,24.2,58.5,54.2,34.4,58.4,38.8,27.9,17.4,26.4,53.9,41.7,55.8,35.5,30.1,32.1,58.1,53.9,47,30.4,54.7,30.5,31.5,31,57.7,36.1,28,44.6,30.6,41.2,56.4,24.2,23.5,42.7,22.5,50.6,34.8,35.8,36.8,37.1,38.1,32.7,24.5,27.9,24.2,63.4,52.9,21.2,21.9,53.1,31.8,23.8,35,30.3,32.9,32.5,42,46.1,37.9,39.2,38.8,27.4,36.2,27.1,35.3,58.7,43.4,45.8,35.8,48.8,29.9,63.8,67.7,28.2,28,35.4,37.6,18.4,29.7,32.3,38.9,27,37.6,43.2,60.9,61.4,34.5,38.3,15.6,20.8,21.8
Innovation Input Sub-index,42,33.1,41.4,39.7,64.6,62.9,40.7,44.4,30.6,43.2,59.5,31.3,32.6,41.1,43.6,43.5,49.3,47.6,35.3,30.2,33.2,29,65.6,48.3,54.2,45.8,44,28.4,48,53.9,55.7,68.7,37.8,36.1,32.7,36.1,57,28.2,68.9,63.4,42.2,63.3,49.7,35.9,24.9,34.8,67,48.4,60.1,42.8,35.7,35.7,62.9,61,54.4,38.7,65.5,37.1,43.2,37.2,63.3,40.3,38.2,51.3,38,51.9,57.4,28.8,30.8,50.9,28.1,54.9,47.1,44.5,41.4,42.7,46.8,40.6,30.5,37.8,32.5,65.8,64.1,31.2,28.9,64,43.5,29.4,41.3,37.6,44.2,39.4,50.2,53.8,47,46.4,48.2,41.1,47.3,35.2,43.8,72.3,49.7,54.4,46.9,57.3,36.3,69.7,69.6,35.5,32.3,44.5,42.9,28.8,38.2,40,42.3,36.7,41,58,68.3,68.9,43.5,41.7,22.4,26.1,28
Innovation Output Sub-index,15.7,15.6,22.6,31.6,39.1,43.3,20.5,24.9,16.8,16.7,40.2,14.8,18.7,19.3,16.4,22.7,16.5,38.1,8.4,12.4,20.9,16.1,41.7,29.1,50.9,23.8,30.2,19.5,31.6,39.7,46.2,48.7,24.5,22.2,19.3,17.3,44.9,20.2,48.1,44.9,26.6,53.5,28,19.9,10,18,40.8,35.1,51.4,28.1,24.5,28.5,53.4,46.8,39.5,22,44,24,19.8,24.7,52.1,31.9,17.9,38,23.3,30.4,55.4,19.5,16.2,34.5,16.8,46.3,22.5,27.1,32.3,31.6,29.3,24.8,18.6,18.1,15.9,60.9,41.6,11.2,14.9,42.3,20.2,18.2,28.7,23,21.6,25.6,33.8,38.3,28.8,32,29.3,13.7,25,19,26.9,45.1,37.2,37.2,24.7,40.3,23.4,57.9,65.8,20.8,23.6,26.3,32.2,8,21.3,24.6,35.5,17.2,34.2,28.5,53.5,53.9,25.6,34.9,8.9,15.5,15.6
Institutions,63.3,47,46.4,61.9,87.4,87.1,55.9,67.3,40.3,54.1,80.5,54,29.8,56.8,68.6,51.8,77.2,67.1,53.4,43.2,49.1,42.3,91,70.3,54.8,58.5,66,51,69.3,81,77.6,91.4,51.8,43.3,40.4,53.5,81.1,43.9,92.2,80.7,68.6,83.5,65.2,46.5,45,43.2,92.7,70.7,86.6,51.4,41.2,46.6,87.6,67.9,71.9,65.8,87.4,61.6,66.1,53.8,74.5,55.8,47.6,77.8,47.9,74.1,82.6,48.7,51.3,67,45.9,77.6,80,58.5,56.4,64.6,68.4,58.1,44.6,65.2,43.9,88.2,93.4,49.2,39.6,91.8,71.8,38,60.5,46.9,58.7,52,75.6,80.8,72.8,69,56.1,63.5,52.4,54.5,67.7,94.4,74.5,80.9,66.3,75.9,45.3,88.3,89.5,46.4,53.9,68.9,55.8,49.4,60.7,54.9,50.6,54.6,47.9,80.6,88.4,86.2,69,52.8,30.6,46.9,35.7
Political environment,57.7,33.8,51.1,47.7,83.9,86.3,41.6,47.3,29.6,46.9,78.8,45.1,41.1,40.5,72.1,46,81.2,56,37.6,17.3,42.9,31.2,90.7,71.8,51.6,39.7,64.9,34.2,66.5,72.9,78.1,87.6,50.6,46.2,26.9,49.3,74.5,26.8,89,74.8,53.3,84,53.4,36,33,36.3,89.8,68.2,87.6,43.1,42.9,39.4,84,57.1,63,57.3,87.9,47.8,51.1,33.7,67.4,51.4,30.8,72.6,26.1,76.9,92.2,31.5,43.5,67.7,21.2,76.5,77.8,45.1,40.1,55.7,56.6,48.1,36.5,64.2,28.4,87.9,95.4,33.3,15.7,90.8,62.6,13.7,61.8,40.6,43.3,44.2,73.9,79.4,77.6,54.9,37.9,51.5,49.1,45.4,57.2,96.9,75.4,76.7,54.3,71.6,52.7,88,94.7,32,39.9,52.2,46,35.7,59.3,41.1,40.5,36.3,23,81.9,82.1,80.3,71.9,54.1,0,46.9,31.3
Political stability and absence of violence/terrorism,72.5,38.5,62.3,56.8,85.7,92.6,47.1,37.7,35.8,63.8,78.5,63.9,57,52.9,88.8,54.6,93.1,64.3,48.1,21.9,61.5,39.8,94,73.6,50.3,38.1,77.9,43,77.8,77,87.1,85.5,68,61.4,31.3,62.6,78.9,27.9,89,70.5,54.2,81.2,58.3,48.1,53,51.5,87.9,81.6,94.6,41.5,49.4,41.9,86.3,36.7,72.2,66.1,87.5,49.9,61.5,32.5,66.2,61.2,42.7,74.8,22.1,80.8,98,54.1,62.3,68.5,23.6,89.1,86.9,42.6,54.3,79.6,67,55.7,49.9,79.6,41.4,86.4,100,40.1,13.6,91.7,80.7,2.1,73.8,63.3,51.6,43.5,85,85,87.5,68.6,38.4,61.8,50.6,59.7,69.3,93.8,87,86.1,59.6,70.8,63.1,87.3,95.6,42.8,53,59,40.7,59.6,70.4,42.8,32.9,42.9,17,82.2,77.3,80.8,87.8,64.1,n/a,65.9,49.8
Government effectiveness,42.9,29.1,39.9,38.7,82.2,80,36.2,56.9,23.4,29.9,79.2,26.3,25.3,28.2,55.3,37.3,69.2,47.7,27.1,12.7,24.4,22.5,87.5,69.9,53,41.3,51.9,25.4,55.2,68.8,69.2,89.7,33.3,30.9,22.6,35.9,70.2,25.7,89,79.2,52.5,86.8,48.5,23.8,13,21.1,91.7,54.8,80.7,44.7,36.4,37,81.6,77.5,53.8,48.5,88.2,45.6,40.8,34.8,68.5,41.5,19,70.3,30.1,73,86.5,9,24.8,66.9,18.7,64,68.8,47.6,25.9,31.8,46.3,40.6,23.1,48.8,15.3,89.5,90.7,26.6,17.7,90,44.5,25.2,49.8,17.9,35,44.9,62.7,73.8,67.7,41.2,37.5,41.1,47.5,31,45.1,100,63.7,67.2,49,72.4,42.4,88.7,93.8,21.1,26.8,45.4,51.3,11.9,48.2,39.5,48.1,29.7,28.9,81.6,86.8,79.7,56,44.1,n/a,27.9,12.7
Regulatory environment,56.3,47.6,36.3,66.5,91.2,93,50.8,79,36.6,44.7,77.4,59,6.2,65.9,64.6,60.2,79,72.4,61.7,49.8,49.3,45.8,92.7,69.6,47,62.4,66.4,57.5,67.1,84.6,73.4,96.4,48.8,32,33.1,52.6,85.8,49.7,95.1,84.2,77.8,80.6,66.9,43.1,54.3,38.8,97.7,72.9,85.8,59.8,16.7,40.3,88.8,67.8,76.9,63.4,89,74.1,66.9,64.9,65.5,49.7,50.9,78.1,55.8,69.4,81.2,53.9,54.1,58.3,55.6,86.3,81,55.6,52.7,64.7,68.9,56.2,31.7,69.6,41.2,88.1,97.6,55.4,57.4,94.9,77.5,41.6,61.9,42.4,66.3,48.4,71.9,75.8,66.2,75.3,52.5,67.6,56.9,61.4,70.6,98.6,68.3,78.7,71.4,72.7,20.6,90.5,93.9,49.1,63.6,67,43.8,54.2,57.9,54,50.5,65.7,55.9,82.8,94.1,90.4,65.5,48.9,35.1,23.7,32.9
Regulatory quality,47.2,12.2,17.7,48.5,88,78.7,35.6,63.3,18.4,16.5,74.8,27.9,18.9,37.5,54.5,36.7,63.7,56.3,32.9,24,29.8,19,85.8,76.7,35.3,53.7,54.7,28.9,51.4,69.3,69.9,86.5,41.2,12.9,21.8,47.2,84.5,16.4,88.9,71.7,65.8,84.7,52.3,36.9,20,32,97.8,61.8,74.6,32.1,36.7,9.4,88.5,74.6,60.8,44.9,72.2,43.3,41.5,34.6,71.7,38.1,30.2,69.9,35,74.9,84.9,22.8,21.2,61.9,27.6,72.2,70,52.4,40.8,33.6,47.9,37.7,29.5,40,22,87.4,91.9,23.6,20.6,83.9,57,26.2,51.7,35.3,54.8,41.2,67.6,66.2,59.8,57.2,28.8,48.5,42.9,37.5,45.6,100,62.3,58,49.9,62.2,40.8,88.4,87,16.4,32.9,53.5,49.8,21.1,45.8,32,50.6,35.9,27.3,71.1,89.6,75.3,53.7,29.4,14,31.3,n/a
Rule of law,28.9,15.1,15.9,29.4,92.7,93.5,21.8,52.9,19,16.4,80.9,22.4,5.8,30.9,57.9,33.8,52.4,35.8,23.9,6.7,12.5,11.3,93,78.4,29.6,30.4,53.4,21.3,45.3,69,72.2,99,26.1,9.4,24.7,22.1,78.2,26.7,100,80.5,48.1,91.5,46.5,10.6,5.2,11.6,93,51.2,88.3,37.8,27.4,11.5,91.7,73.5,46.8,32.5,83.6,52.9,28.7,25.1,67.3,40.4,10.3,62.4,16.4,68.2,93.9,19.1,29.7,56.2,17.3,73.1,64.4,25.7,27.7,28,40.4,37.2,14.1,45,18.9,95.9,98.5,21.7,8.9,98.5,52.9,16.4,36,19.1,23.9,29.3,62.7,72.8,65.3,43.9,18.4,41.5,46.8,35,36.6,94.4,53.5,67.3,41,65.6,41.4,99.2,96.9,9.9,27,34.4,36.3,16.1,35.2,37.9,37.7,29.5,16,60.1,92.2,86.3,59.1,31.6,3.3,32,n/a
Cost of redundancy dismissal,74.6,81.5,55.8,94.1,92.1,100,72.9,100,54.5,72.9,76.9,92.8,n/a,97.6,72.9,85.3,100,98.8,95.1,84.4,77.5,76.5,96,61.6,61.6,82.8,78.8,90,85.9,100,75.8,100,64,52.9,42.9,70.6,90.3,77.9,95.8,92.4,98.8,73.2,84.4,62.5,95.9,55.8,100,89.3,90.1,84.6,1.4,70.1,87.5,61.5,100,88.1,100,100,98.7,100,61.6,60.2,81.5,90.1,85.9,67.2,72.9,86.8,82.8,57.5,88.8,100,94.8,72.3,71.1,98.7,93.6,74.9,41.6,96.7,62,84.5,100,88.1,100,98.7,100,62,79.9,57.6,93.2,61.5,78.7,82.2,69.9,100,81.5,90.2,68.8,86.5,100,100,78.7,94.7,97.4,81.4,n/a,87.2,95.8,85.1,97.4,90.1,44.5,89.8,75.2,73.1,56.9,98.7,90.1,100,97.4,100,74.7,67.2,61.6,15.7,65.8
Business environment,75.9,59.7,51.7,71.5,86.9,82,75.3,75.6,54.8,70.8,85.4,58,42.2,64,69.1,49.1,71.4,73,61,62.4,55,49.8,89.5,69.7,65.8,73.4,66.7,61.3,74.3,85.7,81.3,90.3,55.9,51.7,61.3,58.7,82.9,55.2,92.4,82.9,74.5,85.9,75.2,60.5,47.8,54.5,90.6,71,86.4,51.2,64,60,90.1,78.7,75.9,76.6,85.5,63,80.2,62.7,90.5,66.3,61.2,82.6,61.9,75.9,74.3,60.8,56.2,75.1,61,70,81.2,74.9,76.4,73.4,79.6,69.9,65.5,61.9,62.2,88.7,87.4,58.9,45.8,89.6,75.4,58.8,57.8,57.6,66.6,63.3,81.1,87.3,74.6,76.8,77.7,71.6,51.4,56.8,75.2,87.5,79.9,87.3,73.2,83.3,62.5,86.5,79.8,58,58.1,87.4,77.6,58.2,64.9,69.5,60.9,61.8,64.9,77.1,89.1,88.1,69.4,55.4,56.6,70.2,42.9
Ease of starting a business,91.7,77.5,73.6,96.1,96.5,83.7,97.7,87.8,81.7,92.9,94.5,90.6,62.9,65.1,76.2,65,86.7,86.8,88.1,94.5,54.9,77,98.2,89.8,81,89.6,81.6,91.4,85.6,91.2,86.9,94.1,83.3,70.6,92.4,80.7,95.1,56,93.1,93.3,96.1,83.4,90.7,82.3,80.2,77,98.2,87.3,92.6,74.3,76.4,85.1,95.9,92.3,89.4,95.6,86.1,84.6,91.9,83.1,95.8,66.8,93,94.2,78.5,93,88.7,83.5,76.7,83.7,84.1,80.2,91.7,85.7,92,92.5,90.1,92.3,79.9,68.9,83.8,94.2,100,86.2,78.6,94.3,92.8,77.9,92,77.5,85,68.9,84.2,92.8,86.1,89.5,93.6,87.2,77.1,86.1,91.7,96.5,88.6,91.4,80.5,86.6,87.5,94.6,88.4,86.6,79.1,98.1,87,81.7,88.6,85,87,71.3,94.4,91.2,94.6,91.2,89.8,81.8,71.6,85,49.1
Ease of resolving insolvency,65,47.7,41.9,46.1,78.7,78.9,44.8,44.7,27,49.1,84.3,38.7,42.3,66.9,50.5,49.1,55.1,59.4,39.3,30.5,48.1,36.6,81.4,55.5,55.8,71.7,39.6,49.1,55.6,81.4,76.4,84.9,23.6,25.2,39.5,45.8,65.5,37.6,93.9,76.6,40,92.3,56.7,27.5,38.8,31.7,75.1,51.3,81.7,32.8,46.5,25.3,80,72.8,76.6,69.2,93.3,30.4,69.2,43.4,89.2,39.6,34.1,64,30,49.2,45.4,34.2,22.3,62.5,41.5,45.4,69.1,73.1,52.6,43.6,68.4,33.9,49.6,42,44.6,84,71.4,40.4,30.6,89.1,42.6,45,33.4,40.7,45.9,55.2,76.4,85.2,38.2,59.2,56.7,47.9,n/a,40.7,59.7,74.3,70.5,84,57.9,79.6,46.7,79.4,62.6,28.7,41,72.4,77.1,44.7,48.7,54.5,35,39.4,27.5,40.6,82,89.2,52.3,35.1,26.6,45.4,28.5
Ease of paying taxes,71,54,39.8,72.5,85.6,83.4,83.5,94.4,55.6,70.4,77.3,44.6,21.4,60.1,80.6,33,72.4,72.8,55.8,62.2,62,35.9,88.9,63.9,60.5,58.9,79,43.4,81.7,84.5,80.7,92.1,60.7,59.3,52,49.5,88,72.1,90.2,78.7,87.4,82.1,78.2,71.5,24.3,55,98.7,74.5,84.9,46.6,69.3,69.8,94.4,71,61.6,65.2,77,73.9,79.5,61.7,86.6,92.5,56.4,89.8,77.2,85.4,88.9,64.8,69.6,79.2,57.5,84.6,83,65.8,84.8,84.2,80.4,83.5,67.1,75,58,88.1,90.7,50.2,28.1,85.5,90.6,53.4,48.1,54.6,69,65.7,82.7,83.8,99.4,81.6,83,79.7,77,43.7,74.4,91.8,80.6,86.5,81.1,83.8,53.2,85.3,88.5,58.8,54.1,91.7,68.7,48.2,57.3,69,60.8,74.7,72.7,99.4,90.7,83.8,66.1,49.4,71.6,80.2,51.1
Human capital and research,23.5,25.8,42.6,19.4,60.2,61,17.9,30.6,12,41.9,59.7,21.1,25.8,41.3,32,35.9,31.1,33.7,15.8,14.9,14.2,19.8,53.3,32.8,49.2,31.7,32.7,14.4,37.4,39.9,47.6,66.1,17.6,22.8,26.9,20.1,41.5,14.8,66.4,58.1,23.6,60.1,56.4,18.1,8.9,19.7,47.7,39.5,49,32.3,23,37.5,55.1,56.5,46.3,23.8,56.7,26.7,31,14.1,66.2,31.3,30.6,35.2,29,37.5,42.9,14.8,12.3,41.9,12.2,41.9,30.2,33.7,33.2,26.9,36.3,32.3,18.7,22.5,15,54.7,56,20.6,15.1,53.3,35.8,12.8,21.4,24,26.6,22.3,36.5,47.6,33.3,30.5,50,23.5,46.5,31.7,33.9,63.7,34.4,49.2,32.8,48.9,18.6,63.7,63.3,28.5,9.5,29.7,30.8,15.7,20.4,38,38.1,18.2,39.6,51,63.3,57.2,33.5,31,13.5,0.8,28.7
Education,39,41.4,57.4,28.9,58.6,59.7,18,42.4,16.1,64.5,72.8,39,50.3,90.2,68.3,49.3,46.3,47.1,25.3,37.7,24.6,34.4,44.9,46.5,69.6,39,57.9,35,62.3,60.2,54.5,74.1,26.6,39.1,48.6,32,58.8,26.4,73,58.6,39.1,58.5,79.2,28.5,20,43.1,44.9,49.2,64.7,26.7,33.5,38.6,60.3,54,53.6,47.9,53.8,32.3,43.4,33.3,55.6,48,58,57.2,28.8,53.7,48.5,22,33.9,43.9,29.4,69.8,53.8,43.1,58.3,45.5,56,46.4,46.5,50.1,29.5,61.1,64.4,52.9,35.7,64.3,42.8,23.4,33.6,40.5,38.2,26.9,57.1,60.9,37.2,40.9,59.7,46.4,52,45.6,45.6,44,48.5,61.8,44.1,56.2,30.5,67.7,58.6,50,22.9,51.5,40.6,37.4,40.4,49.9,45.5,21.4,58.3,75.6,59.9,54.7,56.9,61.2,25.4,0,54.5
Expenditure on education,28.6,37.9,52.1,20,48.9,52.3,18,18.1,12.7,45.1,61.9,37,72.5,n/a,100,57.4,30.4,34.8,32.9,50.6,9.4,22.6,48.9,42.9,n/a,39.8,76,42.4,40.9,62.6,35.3,88,11.2,44.8,31.2,27.5,43.6,39.8,71,51.6,10.3,45.1,n/a,21.7,24.7,56,25.4,36.7,78.7,32.1,25.7,21.3,49.7,55.8,35.9,50.9,31.3,n/a,19.8,48.9,41.2,n/a,51.9,44.7,17.3,41.2,35.6,11.5,52.8,45.5,29.7,84.3,45.3,47.6,74.6,41.1,n/a,48.8,63,85,31,52.8,61.5,65.8,n/a,73.5,45.8,18.3,24.5,45.3,33,18.2,45,49,28.7,21.6,32.3,46,47.3,71.8,36.1,21.2,35.2,51.4,58.1,37.6,12.7,77.6,46.5,48.4,27.9,n/a,35.5,49.6,n/a,60.4,43.1,7.1,56.9,n/a,54.5,45,38.1,53.4,40.6,n/a,85.9
Government expenditure on education per pupil, secondary,1.4,n/a,25.5,14.9,17.7,33.4,n/a,n/a,5.1,n/a,48.3,9.6,19.9,n/a,54.7,24.7,22.4,25.4,16.6,38.5,n/a,21.8,19.8,15.2,n/a,16.3,32.2,33.2,n/a,48.8,27.7,34.4,14.8,n/a,n/a,8,26.8,30.7,44,32.4,13.7,27.7,n/a,0.9,10.5,19.5,22.8,16.6,19.8,17.5,7.4,15,31.1,16.5,27.2,32.8,29.8,17,21,29.4,27.2,18.7,n/a,30.4,1.6,19.1,21.4,5.1,29.8,19.9,25.3,52.7,38.8,17.2,50.8,15.4,n/a,46.1,69.6,16.3,9.1,28.8,25.2,100,n/a,30.8,24.4,15.2,6.3,17.2,13.6,6.2,25.4,37.5,8.2,12.5,n/a,50.3,19.6,33.4,12,17.4,21.8,31,23.6,25.9,2,29.1,31.3,n/a,10.9,n/a,19.1,15.8,n/a,28.7,14.5,8.6,31.5,n/a,26.9,26.2,n/a,n/a,11.3,n/a,44.6
School life expectancy,67.4,59.7,79,52,100,70.8,n/a,n/a,30,68.5,96.3,45,n/a,n/a,44.5,65.7,62.2,63.5,15.7,35.2,34.3,45.1,n/a,73.7,58.1,60,65.3,25.6,65.6,61.1,75.9,91.5,51.8,64.6,51.4,51.8,72.8,20.6,92.6,72.3,66.8,79,82.3,35.7,23.1,39.1,n/a,66.3,94.5,43.4,49.8,63.4,90.3,70.5,73.3,n/a,66.3,49.1,64,38,74.4,51.9,51.3,70.9,38.4,74,56.4,34.2,35.7,50.3,15.9,64.2,63.2,52.7,41.7,64,64.8,44.5,28.1,n/a,45.4,84.5,91.8,n/a,21.9,81.6,58.2,19.3,49.4,46.2,53.3,49.1,73,74.2,51.2,63.5,63.6,37.7,71.3,24.2,61,49.4,63.7,79.4,49.2,83,57.2,85.2,70.8,39.2,20.1,49.4,70.7,43.9,n/a,62.3,73.1,31,65.9,n/a,83.3,74.1,67.3,n/a,24.2,n/a,33
Assessment in reading, mathematics, and science,36.7,11.9,61.6,n/a,77.1,72.5,n/a,n/a,n/a,n/a,77.2,n/a,n/a,n/a,n/a,27.4,n/a,48,n/a,n/a,n/a,n/a,86.9,49.5,82.7,34.4,37,n/a,64.7,47.1,71.8,78,1.4,n/a,n/a,n/a,87.3,n/a,86.6,74.1,32.2,79.8,56.8,n/a,n/a,n/a,91.2,64.2,67.2,n/a,27.6,n/a,80.3,63,69.1,n/a,89.5,29.2,37.3,n/a,84.9,n/a,n/a,69.9,18.8,64.7,68.3,n/a,n/a,35.6,n/a,59.1,n/a,37,39.6,n/a,38.4,n/a,n/a,n/a,n/a,79.7,78.8,n/a,n/a,78.1,n/a,n/a,n/a,n/a,26.7,n/a,77.8,74.7,33.1,47.1,72.2,n/a,n/a,n/a,51.3,100,58.8,80.4,n/a,72.1,n/a,74.1,79,n/a,n/a,15.3,36.8,n/a,40.4,16.4,41.2,n/a,n/a,64.1,76,70.3,43.6,77,n/a,n/a,n/a
Pupil-teacher ratio, secondary,80.5,n/a,84.2,n/a,n/a,91.9,n/a,91.1,17.3,95.4,92.3,89.7,66.9,90.2,79.5,71.2,94,81.3,46.4,15.6,35.6,61.9,n/a,58.6,79.5,45.3,79.2,42.3,96.4,89.6,86.2,86.9,55.5,54.7,78,48.9,96.2,2.3,82.6,82.1,98.7,84.5,95.6,82.9,23.3,72.9,82,89.8,n/a,27.3,74.7,70.2,n/a,83.5,86.7,71.9,85.8,n/a,100,n/a,74.3,98.8,83.7,95.9,97.2,96.3,93.2,52.5,0.7,84.8,63.9,97,82.3,72.8,92.6,77.6,n/a,n/a,4.2,48.1,35.6,77.3,79.1,38.4,63.5,n/a,n/a,58.3,74.6,66.2,78.8,41.2,92,91,88.7,84.6,94.3,56.7,87.9,60.5,95.2,76.4,87.4,90.5,46.9,84.9,69.5,84,92.6,74.8,42.9,91.9,37.8,43.4,n/a,80.1,61.2,56.4,99.5,87.1,73.7,76.7,86.8,n/a,n/a,n/a,54.3
Tertiary education,30.2,35.9,40.9,27.5,58.1,66,29.1,44.5,17,51.8,45.6,24.4,n/a,31.4,24.1,21.1,47,40.7,20.8,6.1,17.9,25.1,n/a,37.7,19.5,34.1,30.7,8.3,38.7,53.7,49.6,50,26.1,22.8,20.2,28,43.1,14.6,56.5,50.6,29.5,49.8,58.7,25.6,6.8,15.9,63.7,35.7,40.4,34.3,27.5,63.7,49,36.1,38.9,23.4,37.1,41.2,37.7,2.9,54.8,42.6,32.8,37.7,43.7,39.4,43.9,22.3,2.9,48.4,4,36.2,35.2,33,37.2,34.1,48.2,43.4,7.6,15.1,13.4,39.4,59.7,9,8.2,40.2,60.5,8.1,30.3,30.3,35.1,32.7,33.5,45.1,55.7,41.9,48.8,24.2,46.3,45.4,43.7,80.5,38.2,45.7,27.3,44.6,23.4,46.3,55.9,34.6,2.5,32.4,26.7,8,n/a,55,39.8,29.6,47.1,59.1,60.5,38.1,37.1,27.8,15.1,n/a,31.3
Tertiary enrolment,50.7,31.9,72.6,38.5,79.2,71.4,21.8,32.4,11.2,77.1,64.1,12.9,n/a,n/a,23.6,42.9,26.6,64.7,3.5,3.2,10.9,14.8,n/a,77.6,37.7,48.5,46.7,7.4,60.8,52.5,57.7,71.4,41.3,35.1,31.3,24.8,60.8,6.5,76.5,56.2,37.7,59.7,100,15.5,8.9,18,59.9,44.3,71.2,21.9,26.8,62.9,68,57.8,55.1,23.4,55.3,39,40.2,2.9,83.6,23.2,39.9,58.6,33.3,59.9,16.5,3.5,n/a,22.4,5.4,40.8,31.7,25.8,35.7,59.9,48.2,24.2,4.6,7.5,12.5,68.7,70.8,0.8,8.2,67.1,27.5,8.1,33.5,30.3,35.1,30.9,62.2,57.3,14.5,46.4,68.8,6,55.1,8.5,50.8,61,46.1,72.6,16.4,78.6,16.8,54.4,49.9,24.9,2.5,34.3,42.5,8.7,n/a,29.9,75.6,3.3,72.1,n/a,49.2,75.2,55.1,24.8,8.1,n/a,6.8
Graduates in science and engineering,30.7,54.2,25,25,28.9,54.8,42.1,36.6,28.2,56.4,30,21.8,n/a,27.6,32.3,20.2,68,38,32.4,8.1,21.4,39.9,n/a,35.9,n/a,43.6,22.8,n/a,46,35.4,44.7,38.5,25.6,26.6,19.9,42.5,42.3,18.6,54.8,47.4,30.5,n/a,56.5,30.7,n/a,21.1,69.5,30.8,28.2,57.5,41.4,95.3,45.9,n/a,38.1,n/a,37.5,29.3,50.1,n/a,63.6,52.3,34,33.1,45,42.5,29.6,38.3,n/a,66.5,n/a,35.8,44.1,52.6,50.1,36.6,n/a,70.1,11.9,n/a,20.5,25.6,35.1,3.5,n/a,37.6,100,n/a,28.7,n/a,n/a,49.7,32.1,50.9,54.1,49.6,55.3,43,52.6,n/a,51.2,n/a,38.8,48,35.5,42.5,37.6,50.1,42.1,55.2,n/a,40.4,n/a,n/a,n/a,90,39.6,n/a,49.7,38.6,48.9,26.6,28.1,42.9,n/a,n/a,58.1
Tertiary level inbound mobility,8.7,3.1,n/a,21.5,95.5,82.9,10.6,72.3,0.4,17.3,58.4,41.2,n/a,38.9,8.4,1.1,25.3,22,15,5.1,n/a,5.8,n/a,1.5,1.3,0.8,n/a,9.3,1.9,91.6,51.2,51.8,12.1,2.9,9.7,1.9,26.9,n/a,39.8,51.3,19.4,40,21.7,n/a,4.7,3.5,55.8,36.7,34,0.5,0.5,1.4,36.4,14.4,24.5,n/a,17.8,67.3,10.4,n/a,8.5,n/a,23.4,25.9,51.4,12.7,100,9.1,5.8,38.4,2.6,32.3,20.9,1.1,12.9,3.5,n/a,9.3,1.8,53,n/a,37.7,97.8,28.2,n/a,18.4,14.6,n/a,n/a,n/a,n/a,0.4,7.5,21.3,100,22.1,15.8,4.8,24.9,82.4,21.4,100,29.2,14.2,21.7,14.8,1.5,30.7,89.2,3.2,n/a,14.7,10.8,7.2,n/a,10.3,4.5,55.9,16.8,100,95.1,24.1,n/a,0.5,22.1,n/a,2.3
Research and development (R&D),1.3,0,29.5,1.8,64,57.5,6.5,5,2.8,9.4,60.6,0,1.3,2.2,3.6,37.2,0,13.2,1.2,0.8,0,0,61.8,14.1,58.5,22.1,9.5,0,11,5.6,38.7,74.2,0,6.5,11.9,0.5,22.7,3.5,69.7,65.1,2.2,72.1,31.2,0.2,0,0,34.6,33.7,41.8,35.9,8.1,10.4,55.8,79.4,46.5,0,79.4,6.7,11.9,6.2,88.2,3.4,0.8,10.6,14.6,19.5,36.2,0.1,0.2,33.3,3.4,19.6,1.5,24.8,4,1.1,4.6,7.2,2,2.3,2.2,63.6,44,0,1.3,55.5,4.2,6.9,0.4,1.2,6.5,7.4,19,36.9,7,8.6,41.5,0,41.2,4.1,12.6,66.5,16.4,40.1,27.1,45.8,2,77.1,75.4,0.8,3,5.1,25.2,1.6,0.5,9.1,29,3.5,13.4,18.2,69.5,78.8,6.6,4.1,0,1.6,0.3
Researchers,1.8,n/a,14.4,n/a,54.8,60,n/a,4.2,n/a,n/a,59,n/a,1.9,3.8,2,8.3,n/a,24,0.4,n/a,n/a,n/a,54.7,5.4,14.1,1.2,6.8,n/a,18.1,12.2,43.7,90.6,n/a,4.7,8.1,n/a,38.5,0.4,82.5,50.4,7,53.6,38.7,0.2,n/a,n/a,39.9,31,71.5,1.8,0.9,8.2,55.4,100,24.3,n/a,63.3,3.6,8.8,2.6,85.8,1.4,n/a,22.1,n/a,34.1,61.2,0.5,0.5,24.3,0.2,23.5,2,2.8,7.9,n/a,10,12.4,0.3,1.6,n/a,55,48.5,n/a,0.3,71.6,2.3,3.4,0.3,2.1,n/a,2.1,25.8,46.2,7.1,10.7,37.8,n/a,n/a,4.2,25,80.6,32.1,46.2,5.2,32.1,1.2,85,54.2,n/a,0.1,10.3,10.5,0.3,n/a,21.5,13.9,0.3,12.1,24.1,54.1,51.2,6.2,8,n/a,0.3,0.9
Gross expenditure on R&D (GERD),3.3,n/a,13.9,5.5,50.9,71.9,4.8,2,n/a,11.7,57.1,n/a,3.3,4.8,12.3,26.9,n/a,22.5,4.3,2.5,n/a,n/a,37.3,8.7,48.5,5.3,13.3,n/a,19.6,10.4,45.9,70.1,n/a,10.1,16.5,1.6,34.2,13.8,68,51.6,1.9,66.9,22,0.7,n/a,n/a,16.9,32.1,51.3,19.1,1.6,7.2,35.7,100,30.9,n/a,81.2,9.8,3.5,18,98.4,6.7,2.5,14.2,n/a,23.9,29.7,n/a,n/a,29.1,13.3,17.4,3.9,12.5,8.3,3.3,8.5,16.3,7.6,7.5,6.7,46.5,26.6,n/a,4.8,44.6,5.4,5.4,1.1,2.6,2.8,2.9,23.2,29.4,10.6,11,26.1,n/a,18.7,12.3,20.2,50.9,27.4,51.3,16.6,28.1,2,76.2,68.9,2.4,12,10,14.2,6,1.5,14.9,23.1,10.8,14.1,19.9,39.5,65,7.5,8.4,n/a,6.1,n/a
Global R&D companies, average expenditure top 3,n/a,n/a,43.6,n/a,68.6,51.7,n/a,n/a,n/a,n/a,66.7,n/a,n/a,n/a,n/a,66.1,n/a,n/a,n/a,n/a,n/a,n/a,73.2,n/a,89.1,46,n/a,n/a,n/a,n/a,37.5,72.3,n/a,n/a,n/a,n/a,n/a,n/a,73.5,87.1,n/a,97.1,39.5,n/a,n/a,n/a,n/a,51,44.2,74,n/a,n/a,81.1,69.3,84.5,n/a,93.2,n/a,n/a,n/a,92.8,n/a,n/a,n/a,n/a,n/a,53.9,n/a,n/a,35.5,n/a,37.4,n/a,42.5,n/a,n/a,n/a,n/a,n/a,n/a,n/a,83,46.3,n/a,n/a,55.8,n/a,n/a,n/a,n/a,n/a,n/a,n/a,38,n/a,n/a,55.6,n/a,61.9,n/a,n/a,64,n/a,51.4,49.6,74.9,n/a,82,94.3,n/a,n/a,n/a,42.8,n/a,n/a,n/a,51.2,n/a,n/a,n/a,88,100,n/a,n/a,n/a,n/a,n/a
QS university ranking average score top 3 universities,n/a,n/a,46,n/a,81.6,46.3,14.7,13.7,5.6,16.4,59.6,n/a,n/a,n/a,n/a,47.4,n/a,6.2,n/a,n/a,n/a,n/a,82,42.5,82.2,35.9,18.1,n/a,6.4,n/a,27.6,63.8,n/a,11.1,22.9,n/a,17.9,n/a,54.8,71.4,n/a,70.8,24.8,n/a,n/a,n/a,81.8,20.8,n/a,49,29.8,25.9,51.2,48.4,46.3,n/a,79.7,13.3,35.1,4.3,75.7,5.3,n/a,6.1,29.3,20.1,n/a,n/a,n/a,44.4,n/a,n/a,n/a,41.6,n/a,n/a,n/a,n/a,n/a,n/a,n/a,69.7,54.7,n/a,n/a,49.8,9.1,19,n/a,n/a,16.6,24.4,26.9,34,10.2,12.8,46.5,n/a,43.1,n/a,5.1,70.3,6.1,11.6,37,48.2,4.9,65,84.4,n/a,n/a,n/a,33.4,n/a,n/a,n/a,28,3.1,27.4,28.9,96.5,99,12.6,n/a,n/a,n/a,n/a
Infrastructure,46.4,42.3,46.6,39,64.8,63,50.5,54.6,37,46.1,57.2,23.3,35.3,36.9,41,48.3,49.4,51.9,25.4,21.9,26.9,25.3,62.1,52.1,57.9,52.5,47.6,26.5,55.9,48.1,57.3,63.2,42.4,43.4,38.4,36.2,63.9,33,64.4,63.4,43.8,61.5,48.2,34.6,24.8,33.8,68.4,52.3,59.9,44.1,42,36.2,62.1,57.8,61.8,32.8,64.3,40.1,47.9,36.7,63.4,51.4,38.2,53.1,40,57.2,60.1,20.8,26.2,52.4,24.5,60.6,47.2,49.7,41.7,40.1,49.5,50,28.8,38.6,33.3,63.3,61,27.5,28.2,69.3,48.4,29,55.1,39.9,45.2,44.6,53.3,54,58.1,55.1,47.5,40.4,53.3,33.1,49.7,69.1,55.3,55.4,43.4,64.3,47.3,69.1,65.1,24.8,36.1,42.2,45,26.5,35.9,45.2,45.7,40.5,39.3,57.5,67.1,61,52.7,42.7,16.3,26.3,15.5
Information and communication technologies (ICTs),52.5,24.5,64,49.9,88.9,82.4,65.2,77.8,39,60.3,72.5,16,44.5,48.9,33.2,66.6,47.5,63.3,20.1,14,18.7,18.7,83.9,67.3,64.6,63,62.6,23.2,72.4,57.7,61,83.3,44.4,50.7,43,43.2,82.3,32.8,86.1,86.8,55.7,81.5,63,47,12.3,31.4,85.5,60.3,76.8,49.2,35.6,35.9,74.8,78.1,79.5,36.6,88.8,46.1,65.8,41.1,91.6,66.3,41.8,62.5,55.4,75.1,79.3,17.8,19.9,66.4,14.7,78.9,60.7,66.5,58.6,52.6,66.4,62.9,19,30.9,34,88.9,88.2,9.4,32.3,80.9,60.7,28.7,40.7,48.3,48.7,50.6,70.7,69.2,68.5,57,69.7,34,68.7,32.2,73,87.8,58.6,73.5,51.6,83.3,48.4,83.6,73.5,16.3,36.5,60.1,53.2,25.4,53.1,58.4,56.7,33.9,55.9,78.3,93.3,85.2,70.8,52,16.5,28.2,26.9
ICT access,47.3,50.3,67.7,65.7,82.3,83.5,67.8,79.1,30.6,78,83.4,28.6,43.7,57.8,43.3,64.2,72.1,68.6,28.7,21.4,42.1,27.7,79.9,68.1,54.5,58.3,64.4,37.9,75.8,70.2,74.6,85.2,43.8,49,53,49.5,80.2,21.1,76.9,87,62.9,90.9,78.5,44.7,25.7,41.7,91.6,76.2,94.2,33.2,47.1,62.6,81.9,82.8,76.9,48.3,88,61,75.6,35.4,89.9,74,42.5,73.8,65.7,70.8,95.4,23.9,20.3,67.5,33,90.4,68.6,50.8,66.4,51.2,68.5,60.7,29,42.5,31.6,90.2,83.2,20.4,29.6,82.1,73.7,33.9,59.9,45.9,48,47,70.9,79.3,79.1,69,72.3,26.5,72.9,35.9,72.2,87,72.2,79.3,54.6,79.2,45.1,86.9,89.5,n/a,26.5,66.8,55,25.9,70.3,52.9,62,23.7,64.8,81.4,92.4,82.7,72.5,46,26.6,28.4,33.5
ICT use,38.8,29.2,54.5,38.5,77,66.7,57,74.8,10.6,58.8,71,4,27.2,42.1,32.6,56,29.7,58.4,9,4.2,20.9,8.4,68.5,49.1,45.8,38.5,58,20.8,61.3,54.6,65.5,89.1,34.1,33.1,31.4,18.7,78.7,8.2,81.8,76.1,40,74.9,54.6,14,6.2,13.8,79.4,52.8,84.4,12.5,21.9,27.4,73.8,60.2,62.5,35.5,81.4,32,51.5,20.5,85.7,61.5,22.5,62.7,55.1,64,80.5,4.4,8.6,58.6,9.7,67.5,37.8,42.4,42.6,36.4,46.1,34,6.2,29.1,13.5,77.7,80.3,1.4,22.8,84.8,53.9,10.9,32.4,29.6,29.4,29.3,53.5,56.7,63.2,50.8,58.7,14.7,63.2,16.4,55,75.4,63.8,57.1,40,69.3,17,83.6,86.7,n/a,3,51.7,43.3,4.9,45.3,39.5,41.8,12.7,25.7,68.2,80.9,75.7,62,35.1,11.2,11.7,19.1
Government's online service,59.4,6.5,71,42.8,97.8,91.3,68.1,82.6,62.3,48.5,71,14.5,49.3,44.9,28.3,73.2,50.7,56.5,18.8,15.2,5.1,21.7,95.7,77.5,76.8,79,63.8,18.8,74.6,53.6,47.8,77.5,50.7,63,47.1,48.5,89.1,52.9,94.2,94.2,63.8,84.1,58,66.7,8.7,31.2,n/a,63,62.3,74.6,36.2,33.3,72.5,86.2,87,35.5,87.7,45.6,76.8,55.8,94.2,65.2,42.8,60.9,51.5,82.6,71.7,22.5,21.7,71.7,9.4,79.7,70.3,84.8,59.4,51.5,68.1,73.9,20.3,28.3,39.9,92.8,94.2,7.3,41.3,80.4,59.4,32.6,33.3,60.1,63,66.7,70.3,74.6,67.4,45.6,73.2,45.6,67.4,37.7,81.9,97.1,44.2,84.8,55.8,91.3,65.2,87.7,60.1,12.3,57.3,60.9,55.1,31.9,52.9,71.7,60.1,50,58.7,89.1,100,92.8,77.5,57.3,14.5,37,26.1
Online e-participation,64.4,11.9,62.7,52.5,98.3,88.1,67.8,74.6,52.5,55.9,64.4,16.9,57.6,50.9,28.8,72.9,37.3,69.5,23.7,15.3,6.8,16.9,91.5,74.6,81.4,76.3,64.4,15.3,78,52.5,55.9,81.4,49.1,57.6,40.7,55.9,81.4,49.1,91.5,89.8,55.9,76.3,61,62.7,8.5,39,n/a,49.1,66.1,76.3,37.3,20.3,71.2,83,91.5,27.1,98.3,45.8,59.3,52.5,96.6,64.4,59.3,52.5,49.1,83,69.5,20.3,28.8,67.8,6.8,78,66.1,88.1,66.1,71.2,83,83,20.3,23.7,50.9,94.9,94.9,8.5,35.6,76.3,55.9,37.3,37.3,57.6,54.2,59.3,88.1,66.1,64.4,62.7,74.6,49.1,71.2,39,83,91.5,54.2,72.9,55.9,93.2,66.1,76.3,57.6,20.3,59.3,61,59.3,39,44.1,69.5,62.7,49.1,74.6,74.6,100,89.8,71.2,69.5,13.6,35.6,28.8
General infrastructure,34.2,59.6,28.2,23.4,53.7,51.5,36.5,50.9,35.5,33.7,51.9,30,20.8,25.5,42.8,30.9,61.3,35.4,26.8,8.3,30.7,22.2,59.7,38.8,67.5,32.1,26.2,25.6,32.9,23.4,51.2,43.1,27,33.8,27.4,20.7,45.5,44.6,53.1,50.3,39.3,50.1,25.5,16.7,25,31,49.2,38.4,59.2,48.5,46.7,38.1,47.1,43.7,38.7,18.9,49.7,31,41.3,36.5,57.6,50.9,37.2,37.5,22.2,35.4,44.2,19.5,25.5,45.9,31,41.4,28,36.7,27.7,33.5,35,38,47.4,37.6,38.2,48.6,46.6,49.9,18.5,72.4,50.8,23.9,66.2,27.5,34.9,32.9,38.7,33.1,67.6,38.1,33.1,53.6,53.6,29.5,29.1,57.7,40.9,36.8,42.3,44.5,36,64.7,51.7,18.2,41.7,15,39.8,32,21.9,27.3,34.6,48.6,25.5,51,43.6,52.8,32.8,39.8,1.6,36.8,13.1
Electricity output,5.8,5.9,11.8,9.2,37.3,25.9,9.3,72.1,1.2,13.1,21.4,n/a,2.9,15.2,3.8,10.3,38.5,23.3,n/a,n/a,0.7,1,63.3,14.8,14.9,5.2,7.7,1.3,11.3,18.1,28.1,18.2,6.4,5.4,6.8,3.6,28.3,0.3,44.9,30.4,8.2,28.4,15.7,2.4,n/a,3.6,19.8,11,100,3.5,3.2,12.6,21.9,28.2,16.5,5.4,28.5,9.9,21.8,0.7,38.6,62.5,8.9,9.2,14.1,4.5,8.2,n/a,n/a,17.7,n/a,18.7,8.3,9.1,5.3,6.6,18.4,3,2.3,2.2,0.4,23.3,35.3,0.1,0.6,100,24.7,2,8.6,30.3,5.2,2.7,15.3,17.6,64.1,11.7,26.5,n/a,36.3,0.8,16.8,32.4,17.2,25.7,16.6,21.3,2.1,59.4,28.6,7.1,0.4,9.2,9.2,0,26.3,6.2,12,n/a,14.4,43.5,18.5,48,13.6,5.5,1,3.3,2.3
Logistics performance,16.2,32.7,41.6,6.6,80,94.1,17.8,57.8,27.8,15.6,94.6,16.9,8.7,24.7,45.4,47.4,37.3,34.4,30.9,20.7,34.1,4.1,86.3,54.8,73.9,25.4,27.1,24.9,50.8,43.3,74.5,81,26.1,33.1,51.9,29.7,60.1,14.5,85.9,85,13.4,100,54.4,19.1,13.7,18.5,92.8,63.2,59.3,62.7,42.6,24.9,80.1,73.8,78.3,15.6,88.2,41.3,31.9,58.6,76.5,50.3,4.3,58.5,30.3,72.5,99.7,4.3,34.7,63,20.4,46.5,20.9,48.6,25.5,20.5,14.7,27.9,28.7,31.5,14.5,98.2,61.3,23.1,26.1,77.2,54.2,39.8,58.9,23.1,38.4,36.7,63,62.3,71,43,23.5,42.7,50.6,12.3,32.4,96.2,58.9,51.9,79.2,77,29.2,99,89,n/a,42.9,20.7,55.1,25.7,15.5,20.1,62.9,45.3,31.1,86.9,92.8,89.2,42.1,42.3,5.6,17,0.9
Gross capital formation,57.4,100,29.8,39,48.7,43.1,59.5,36.9,56.6,53,45.8,51.6,35.8,31.2,61,33,84.6,42,24.8,2.1,44.1,41.8,44.5,42.9,90.7,48.8,34.9,38,34.8,16.2,51.2,36.6,37.8,48.2,25.3,24.6,46.7,81.9,40.8,43,67.8,36,15.9,22.7,30.7,51,42.2,39.8,38.8,63.8,70.5,57.5,43.1,36.4,30.1,27.4,41,36.4,55.8,43.3,57.6,45.4,67.7,41.2,n/a,32.4,34.4,27.1,20.9,51.4,36.3,50.2,41.4,44.6,40,53.4,53.5,60.6,79.2,58.3,68.9,36.5,45,88.1,23.7,56.3,62.3,26.9,98.6,28.2,48,46,38.3,26.3,n/a,48.8,41.3,59,63.8,52.4,33.7,51,43.9,34.9,36.7,39.8,56.3,50.2,44.5,32.9,61.7,n/a,47.5,51.1,22.9,41.5,31.8,50.3,28.2,36.9,31.6,37.1,37.6,55.6,n/a,63.4,24.7
Ecological sustainability,52.5,42.8,47.6,43.7,51.8,55.1,49.9,35.3,36.4,44.3,47.3,23.7,40.6,36.2,46.8,47.5,39.4,57.1,29.3,43.4,31.3,35.1,42.6,50.1,41.4,62.4,54,30.8,62.4,63.2,59.8,63.2,55.7,45.7,44.9,44.8,63.9,21.6,53.9,53.1,36.6,53,56,40.2,37.1,38.9,70.5,58.2,43.8,34.6,43.6,34.4,64.3,51.5,67.2,42.9,54.3,43,36.5,32.5,40.9,36.9,35.7,59.2,42.6,61.2,56.9,25.2,33.3,45,27.8,61.5,52.8,45.8,38.7,34.3,47.1,49.2,20,47.4,27.7,52.4,48.1,23.1,33.6,54.7,33.7,34.5,58.4,43.8,52.1,50.4,50.3,59.5,38.3,70.1,39.8,33.6,37.6,37.6,47,62,66.4,55.9,36.3,65.1,57.5,59,70.1,39.9,30,51.5,42,22,32.5,49.8,45.7,39,36.5,43.3,64.5,45,54.7,36.4,30.7,13.9,6.4
GDP per unit of energy use,46,36.3,33.7,27.2,29.2,41.1,39.6,13.2,48.6,19.9,30.3,15.5,27.9,14.9,45.4,36.6,27.7,22.7,n/a,n/a,25.9,29.7,18.9,37.9,18.8,65.7,50,16.1,36.3,47.9,26.3,55.5,63.4,43.7,43.1,43.1,21.1,8.2,21.9,35.9,25.5,41.1,41.1,30.3,n/a,23.8,100,35.5,6.6,30,40.6,18,65.7,40.6,48.6,28.7,37,32.7,17.1,17.6,21.8,26.8,15.9,35.5,35.9,37.9,49.3,n/a,n/a,28.4,n/a,56.4,58.2,38.8,16.8,20.9,33,46.6,6.8,45.4,18.1,39.2,27,19.9,25.7,37.9,21.8,33.4,67,38.3,53.8,50,35.1,45.4,22.6,42.1,14.9,n/a,24.7,28.7,n/a,56.4,32.7,31.8,14.7,46,75.3,30.9,65.7,26.3,16,36.3,26.1,8.4,5.3,41.1,40.6,n/a,10,28.9,51.5,26.8,52.2,25.1,46,19.5,6.2
Environmental performance,74.4,70.3,79.8,81.6,87.2,86.6,83.8,70.1,41.8,82.3,80.2,43.7,71.1,63.3,70.7,78.9,67.9,83.4,43.7,43.4,51.2,57.1,85.1,77.7,65.1,75.9,80,59.9,87,80.2,84.7,89.2,75.3,66.6,66.5,68.1,88.6,45.8,90.7,88.2,65,84.3,85.8,69.6,55.4,69.6,n/a,84.6,90.5,53.6,65.8,66.3,86.6,78.1,84.5,77,80.6,72.2,73.3,62.5,70.6,64.4,73.1,85.7,69.1,85.5,86.6,37.1,49.7,74.2,41.5,88.5,70.8,73.6,76.7,64.4,78.9,74.2,41.8,70.8,50.2,82,88,37.5,58.3,86.9,60.1,51.4,78,70.4,73,73.7,81.3,88.6,69.9,83.2,83.5,50.3,68.6,63.7,78.7,87,85.4,89,70.5,88.9,65.5,90.4,86.9,73,58.3,78,69.5,46.1,74.3,77.3,67.7,57.6,79.7,69.3,87.4,84.7,74,58.5,n/a,n/a,n/a
ISO 14001 environmental certificates,21.9,1.1,10.8,0.7,26.1,20.2,2.5,9.8,1.1,17.3,15.7,0.2,4.9,24.7,1.7,6.5,6,73.3,0.3,n/a,2.2,1.7,5.2,19.4,39.3,28.5,9.9,1.9,65.6,59.5,76.8,26.4,1.2,7.8,5.4,1.7,100,n/a,44.1,17.3,2,14.4,26.3,1.1,0.4,7.8,11.4,50.7,24.9,5.7,5.3,3.6,16.8,19.9,69.6,3.2,36.4,5.3,1.9,2.3,19.8,2.1,0.3,53.7,2.8,59.2,12.9,1.3,0.6,19.9,0.3,17.9,6,4.1,6.7,1,11.5,4.1,2.8,4.7,1.9,19.8,10.4,1,0.3,23.9,4.5,3.2,1.9,1.6,7,4.9,18.8,29.6,6.5,100,2,0.3,1.3,3,77.7,23.3,95.7,37.9,11.1,55.7,5.8,52.6,45.4,0.5,1.4,28.8,18.6,1.2,3.5,12.2,12.1,1.9,3,19.8,44.7,2.2,20.9,14.6,0,2.6,6.7
Market sophistication,51.7,29.5,37.7,50.5,65.3,53.1,55.3,42.7,38.3,41.9,51.8,30.6,46.2,43.4,49.3,44.2,48.5,43.9,29.7,32.7,52.4,33.7,73.7,49.8,54.7,53.1,38.4,29.1,42.1,57.9,50.2,70.2,45.4,45.8,36.7,42.2,55,24.8,61.6,64.3,49.2,60,50.2,43.8,26.3,45.9,74.8,41.5,55.2,51.9,46,35.5,55,61.5,52.6,39.8,64.3,32.3,43.2,48.2,61.6,47.8,46.9,52.1,39.4,53,43.4,36.9,32,57.6,28.6,45.4,50.6,50,46.8,52.6,45.9,42.1,35.8,39.3,44.1,59,66.3,28,40.2,57.2,44.2,38.3,43,50.5,54.8,41.3,48.2,51.1,42.6,44.2,47.1,40.9,49.4,32.4,38.7,71.2,45.8,43.1,57.4,59,42.2,64.9,67.5,53.6,36,47.4,51.2,30.7,45,38.7,47.8,36.7,43.2,52.9,70.2,83.4,36.5,52.8,32.1,38.4,37.2
Credit,28.8,8.8,18.3,59.1,72.5,47.2,43.4,37,25.4,19.2,34.5,21.4,52.5,36,33.8,24.1,37.9,30.5,22.4,25.1,69.9,20,67.3,35.8,40.5,48,35.8,14.9,26.9,80,44.7,70,22.6,46.2,20.2,35,48.8,7.2,51.4,44,48.3,50.3,47.5,32.1,13,38.9,79.4,29.5,48.2,31.7,25,33,45.5,45.5,39.9,31.2,61.8,11.8,23.5,53,60.6,39.6,50.7,51.9,28,43,26.4,13.8,18,42.4,14.5,34.4,52.9,35.5,29.8,60.4,40.8,26.7,13.9,27.1,28.7,47.2,78.5,16.1,23.8,55.2,30.3,19.7,38.4,54.1,60,20.7,32.6,46.4,28.6,32.1,29.4,38.3,36,23.2,28.7,63.4,42.8,27.2,40,53.7,18.7,53.3,64.7,49.4,24.7,35.2,36.9,30.3,26.3,27.4,27.2,24.6,32.4,37.5,64.3,85.5,23.8,59,0.6,27.9,25.1
Ease of getting credit,65,10,50,75,90,60,40,45,25,45,45,30,35,65,55,45,60,70,30,10,85,35,85,50,60,95,85,30,55,60,70,70,45,45,50,65,70,15,65,50,85,70,50,80,30,85,75,75,60,65,60,45,70,65,45,80,50,n/a,55,70,65,40,70,85,40,70,15,15,45,75,30,30,65,90,70,60,85,45,25,60,30,50,100,30,65,55,35,50,75,45,80,40,75,45,30,85,65,95,50,30,65,75,65,35,60,60,40,55,60,40,65,80,50,30,65,45,50,65,75,45,75,95,60,70,n/a,75,50
Domestic credit to private sector,13.3,7.7,4.8,17.5,55.1,34.4,14.5,28.9,16.8,n/a,24,7.6,22.6,20.8,12.7,26.6,15.8,21.5,9.9,4.7,24.6,5.5,49.6,44.2,61.5,18.1,22,8.3,25.6,100,19.4,70,9.9,9.8,9.6,17.1,27.5,6.1,37.8,38,19.1,30.7,45.1,12.9,4.7,21.4,83.8,13.6,36.4,20.3,14.8,21.1,21,26,34.8,11,73.5,27.5,14.2,13.1,56.3,39.1,8.2,18.7,42.4,15.9,37.8,4.3,3.8,50,8.8,38.9,40.8,12.2,13,21.2,19.5,25.1,13.2,20.8,25.4,44.4,57,4.6,4.6,55.4,25.6,5.1,35,22.5,14.1,15.9,20.7,47.9,27.3,11,21.9,7.7,22,12.4,16.5,51.8,20.7,19.3,59.8,47.4,15.5,51.5,69.3,8.1,5,19.6,60.6,14,14,31.3,31.5,4.8,22.1,30.1,53.6,76,11.1,44.5,1.1,6.9,n/a
Microfinance institutions' gross loan portfolio,8.2,n/a,0,84.8,n/a,n/a,75.7,n/a,34.4,12.6,n/a,26.6,100,22.1,n/a,0.8,n/a,0.1,27.2,60.7,100,19.6,n/a,13.3,0.1,31,0.3,6.3,0.2,n/a,n/a,n/a,12.9,83.7,0.8,22.8,n/a,0.5,n/a,n/a,40.6,n/a,n/a,3.3,4.4,10.2,n/a,0,n/a,9.9,0.3,n/a,n/a,n/a,n/a,2.5,n/a,7.9,1.4,75.8,n/a,n/a,73.8,n/a,1.8,n/a,n/a,22,5.3,2.3,4.8,n/a,n/a,4.2,6.3,100,18,10,3.5,0.5,30.8,n/a,n/a,13.7,1.9,n/a,n/a,3.9,5.2,94.7,85.9,6,2,n/a,n/a,0.2,1.4,12.3,n/a,27.1,4.5,n/a,n/a,n/a,0.1,n/a,0.7,n/a,n/a,100,4.2,6,n/a,47,0,6,0,4,0,n/a,n/a,n/a,0.2,62.4,0.7,1.7,0.2
Investment,71.7,22.8,32.4,40.2,45.2,40.2,65,32.8,32.4,42.8,46.7,40,30.1,38.4,55,37.3,51.7,38.7,30,41.7,34.1,41.7,74.3,41.6,35,40.6,18.8,25.2,38,37.5,34.1,71.4,53.3,31.6,26.6,32,56.4,22.3,67.8,66.7,41,44.9,35,33.3,33.6,43.3,68.1,31.1,66.3,46.9,33.2,20.4,50.5,71.2,38.5,43.8,43.7,25.6,42.2,33.4,47.6,37,42.6,44.2,28.9,52.7,43.4,48.3,30.7,55.1,30.2,47,42.2,34.5,63.3,47.1,55.4,33.2,43.3,36.7,58.3,52.8,53,40,33.9,46.3,39.5,35.1,33.5,41.7,34.1,30.2,36.6,38.2,30.1,31.7,33.2,39.6,36.5,30.6,39,75,27.6,41.4,61.6,43.9,45.8,68.4,63.5,66.7,27.3,49.7,43.3,40,60,29.2,38.5,29.3,30.6,47.3,63,72.2,31.4,30.5,43.3,29.3,38.1
Ease of protecting minority investors,71.7,33.3,61.7,60,58.3,65,65,50,56.7,63.3,58.3,40,41.7,55,55,65,51.7,73.3,40,41.7,48.3,41.7,76.7,65,45,73.3,35,40,66.7,66.7,60,71.7,53.3,46.7,48.3,38.3,60,31.7,56.7,65,76.7,60,63.3,33.3,40,43.3,80,55,70,73.3,56.7,35,73.3,75,63.3,58.3,60,35,80,53.3,73.3,55,63.3,63.3,40,61.7,45,48.3,43.3,80,40,65,65,60,63.3,68.3,63.3,53.3,43.3,55,58.3,56.7,83.3,40,65,75,46.7,66.7,56.7,41.7,60,41.7,63.3,56.7,26.7,60,60,51.7,58.3,41.7,56.7,83.3,53.3,75,70,65,63.3,71.7,50,66.7,40,73.3,66.7,40,60,46.7,70,50,56.7,75,78.3,64.7,45,53.3,43.3,53.3,51.7
Market capitalization,n/a,n/a,4.1,0.5,37.9,10.9,n/a,26.4,15.8,n/a,38.9,n/a,7,5.2,n/a,11.8,n/a,6.1,n/a,n/a,n/a,n/a,43.9,33.8,31.8,12.6,1.5,16.8,15.5,5.9,7.4,n/a,n/a,n/a,7.1,19.3,n/a,n/a,n/a,36.9,2.5,21.8,9.2,n/a,n/a,n/a,100,6.2,n/a,30.9,17.5,11.7,19.3,34.8,11.7,14.8,47.7,29,8.1,10.4,38.2,n/a,1.1,n/a,9.7,n/a,34.9,n/a,5.4,55.3,n/a,19.3,26.5,15,n/a,4.5,39.6,19.5,n/a,n/a,n/a,41.5,18.3,n/a,4.4,21.4,25.2,6.5,13.3,n/a,12.8,34.9,12.3,12.8,37,3.2,12.6,n/a,27.9,n/a,3.7,93.4,2.1,6,100,28.1,10.8,n/a,96.8,n/a,n/a,2.5,37.7,n/a,n/a,9,11.2,13.3,6.7,22.6,27.8,59.4,n/a,11.4,n/a,5.8,n/a
Venture capital deals,n/a,1.9,2,n/a,26.3,19.7,n/a,4.6,0.3,1.7,31.1,n/a,n/a,n/a,n/a,7.2,n/a,2,10,n/a,5.7,n/a,100,2.7,18.4,3,3.8,3.9,3.2,10.7,8.9,70.8,n/a,1.5,2.7,n/a,49.2,3.4,89.9,100,8.3,37.9,4.3,n/a,20.7,n/a,12.5,8.1,59,9.9,1.9,n/a,36.2,100,15.6,n/a,7.2,3.5,0.5,16.5,5.7,0.9,n/a,6,26,34.7,48.6,n/a,n/a,5.3,10.7,38.9,12.1,2.8,n/a,n/a,n/a,6.5,n/a,n/a,n/a,56.5,27.1,n/a,1.3,13.8,n/a,0.5,7.5,n/a,3.7,2.6,7.4,26.6,n/a,3.4,0.3,15.5,1.6,8.6,n/a,39.7,1.7,9.4,6.3,17.5,n/a,61.9,57.2,n/a,1.9,n/a,2,n/a,n/a,14.4,2.6,3.8,2.5,16.5,67.4,100,4.1,4.1,n/a,4.7,11
Trade, competition, & market scale,54.6,56.7,62.6,52.2,78.2,72,57.6,58.3,57.1,63.7,74.1,30.3,55.9,55.8,59,71.1,55.9,62.5,36.6,31.2,53.3,39.4,79.4,72,88.4,70.7,60.5,47.3,61.4,56.3,71.9,69.1,60.3,59.5,63.4,59.6,59.9,45.1,65.6,82.3,58.2,84.7,68,66.1,32.2,55.4,76.8,63.8,51,77,79.7,52.9,69.1,67.7,79.3,44.4,87.5,59.5,64,58.3,76.5,66.8,47.4,60.1,61.3,63.5,60.5,48.5,47.1,75.3,41.1,54.8,56.8,79.9,47.2,50.4,41.4,66.3,50.2,54.1,45.2,77,67.4,27.9,62.7,70.2,62.9,60.2,57,55.7,70.4,72.9,75.6,68.8,68.9,69,78.7,44.8,75.8,43.3,48.4,75.2,67.1,60.8,70.5,79.3,62.1,72.9,74.4,44.9,55.9,57.4,73.3,21.6,48.6,59.5,77.9,56.2,66.5,73.9,83.3,92.7,54.3,68.9,52.2,58,48.4
Applied tariff rate, weighted mean,93.5,52,57.3,85.4,89,90.9,69.9,80.9,30.9,89.5,90.9,n/a,72.4,93.7,96.9,52,97.3,90.9,44.3,68.7,71.8,8.4,94.4,96.3,80.2,75.5,84.5,38.3,92.5,90.9,90.9,90.9,63.4,67.5,59.1,89.6,90.9,29.5,90.9,90.9,98.3,90.9,90.9,91.9,30.8,83.8,100,90.9,95.5,63.4,86.8,11.6,90.9,87,90.9,44.3,92.1,76.9,72.6,55.9,72.2,82.8,84.1,90.9,83.9,90.9,90.9,65.2,75.4,92.6,38.2,90.9,96.3,94.1,80.5,73.5,84.7,83.8,75.8,95,31.9,90.9,92.3,31.6,43.4,94,89,44.7,64.7,74.3,91.7,87.5,90.9,90.9,80.5,90.9,83.7,58.5,80.3,32.4,n/a,100,90.9,90.9,75.5,90.9,69.5,90.9,100,58.3,62,93.5,79.8,33.7,52,77.1,81.4,65.6,88.8,83.6,90.9,90.5,72.2,81.8,70.2,80.5,68.5
Intensity of local competition,58.3,46.4,57.1,63.5,81.9,76.5,58.6,70.1,68.5,n/a,80.8,63.7,65.6,57.6,71.3,71,60,60.3,n/a,56.1,62.1,63.8,74.1,70,73.5,76.3,71.6,62.9,63.3,71.9,79.3,74.2,76.6,66.9,54,71,79.2,48.1,63,79.4,66.1,81.7,67.6,75.3,53.3,65.9,86,52.7,64,62.5,71.2,54,69.9,69.8,71.8,74.8,87.1,73.3,60.5,77.2,81.9,70.2,52.5,73.7,73.9,75.3,71.9,60,59.7,73.1,57.2,83.2,71.7,70.3,59.1,60.1,54.6,68.8,58,61.1,65.2,81.6,74.6,n/a,67.2,68.9,60,57.8,73.7,67.3,69.6,70.2,71.8,70.5,79,63.1,65.8,66.4,73.4,70.6,53.9,76.9,75.4,70.5,74.3,77.3,69.7,76.5,73.2,62.2,62,73,71.9,n/a,70.3,64.2,81.3,71.8,60.2,81.8,83.2,83,60.6,65.9,54.6,69.9,63.6
Domestic market scale,33.2,64.2,68,29.9,71,60.4,51,41,64.5,50.8,62.4,28.7,42.8,35.9,34,80.8,33,49.3,32.7,n/a,39.7,42.7,74.5,60.8,100,65.5,43,44,44.9,31.2,58.6,55.7,50.5,51.9,70.3,38.8,34.7,51.4,54.3,79.4,34.3,83.2,56.7,48.5,22.3,36,60.6,55.8,22.3,91,80.4,73.1,57.8,56.9,77.3,29.3,85.3,43.9,61.4,50,75.9,57,26.6,38,43.8,43.8,39.6,34.3,26.7,67.8,34.5,22.5,29.5,77.7,24.6,34,13.2,56.4,33.6,30.1,41.8,67.8,51.4,26,70.1,59,51.3,69.1,44.7,40.6,60.2,67,69.8,56.9,58.1,61,82.6,27.2,74.8,35,45.7,62,51.1,41,66.2,74.5,54.6,62.2,62.1,29.5,49.9,31.6,70.8,15.6,36.1,48.4,74.4,43.7,58.6,65.2,79.6,98.6,42.2,64,42.1,40.8,30.8
Business sophistication,25.3,21,33.6,27.7,45.4,50.3,23.8,26.8,25.6,32.2,48.5,27.5,26,27.4,27.1,37.2,40.2,41.4,52.2,38.4,23.3,24,47.8,36.5,54.5,32.9,35.2,20.9,35.1,42.7,45.9,52.5,31.9,25.1,21,28.2,43.4,24.2,60.1,50.6,25.6,51.4,28.8,36.2,19.3,31.3,51.1,37.8,49.8,34.6,26.2,22.8,54.5,61.5,39.6,31.3,54.5,24.7,27.6,33.2,51.1,15.2,27.5,38.2,33.5,37.8,57.8,22.7,32,35.7,29.4,49,27.7,30.8,28.7,29.3,34.1,20.5,24.4,23.2,26.2,63.7,44,30.6,21.7,48.3,17,29,26.4,26.9,35.7,36.9,37.4,35.4,28,33,40.3,37,35,24.5,28.9,62.9,38.3,43.4,34.4,38.4,28,62.6,62.6,24.2,26.1,34.5,31.8,21.9,29.1,23.2,29.3,33.6,35.3,47.8,52.2,56.4,25.6,29.4,19.5,18.3,22.8
Knowledge workers,23.3,16.6,46.8,37,67.5,63.3,29,25.1,29.4,59.1,71.1,21.9,40,37.7,34.4,41.7,71,46.1,23.9,37.7,15.4,29.2,56.7,46,84.9,43,36.5,20.7,52,42.7,53.6,70.3,48.1,35.9,21.2,29.1,55.1,10.8,72.6,65.9,28.2,66,40.6,28.3,11.7,31.4,48.6,41.5,63.3,31.3,9.7,25.5,62.7,63,47.6,32.1,64.1,0,38.9,26.4,61.3,1.7,36.3,43,43,53.1,59.9,8.3,38.9,26.9,22.2,48.7,27.7,34.9,36.2,42.3,37.4,21,10.2,20.5,21.9,62.3,54.7,37.9,24,67.7,14.2,35.6,23.7,34,47.8,45.5,47.8,47.8,20.4,37.4,59.8,37,37.2,8.8,35.9,73.2,42.1,62.9,36.8,51.1,25.2,80.7,74.6,26.8,14.2,41.4,29.2,36.4,32.7,27.7,34.1,17.8,47.4,58.1,65,67.4,34,23.3,16.9,15.5,23.1
Employment in knowledge-intensive services,27.2,16.5,41.3,54.2,78.8,71.1,40.4,35.9,34.4,62.7,80,n/a,25.9,41.4,30.4,37.2,71,56.2,n/a,n/a,6,n/a,76.7,43.3,n/a,28.7,37.3,n/a,62.2,61.5,65.7,79.2,30.7,24.8,59.2,20.3,77.1,5.4,80.6,78.2,38.5,77.5,51.9,15.7,n/a,20.1,67.6,60.9,84,n/a,16.2,30.2,71,84.8,62.3,34.6,42.9,n/a,58.1,n/a,36.9,n/a,31.3,72.1,55.5,73.2,100,5.2,n/a,44.2,n/a,69.6,42.8,32.3,48.7,42.7,65.4,10.8,n/a,24.8,6.3,81.7,75.2,n/a,n/a,90.9,n/a,33.4,41.5,32.5,24.7,41.5,65.8,62.1,27.3,39.2,77.8,5.4,47.4,n/a,50.2,95.6,55.6,73,38.7,57.3,28.8,88.5,93.2,n/a,4.7,47.4,23.3,n/a,49.3,36.1,35.2,6,65.7,63,83.6,66.5,36.1,17.9,25.5,11.7,9.6
Firms offering formal training,26.9,18.3,79.4,16.9,n/a,n/a,22.2,n/a,24.4,62.9,n/a,21.9,70.8,64.6,64,51.2,n/a,51.9,28.2,37.7,24.8,29.2,n/a,71.4,100,81.4,67.7,20.7,60.5,n/a,68.2,n/a,70.7,82.5,2.4,66.5,42,23,n/a,n/a,9.4,n/a,n/a,64,23.4,42.7,n/a,16.4,n/a,42.9,5.7,n/a,n/a,20.1,n/a,29.7,n/a,n/a,32.9,49.1,n/a,n/a,78.2,28.8,30.6,50.9,n/a,12.3,38.9,19.9,37.9,n/a,29.3,62.5,38.3,75.9,26.8,30.2,24.7,29,37.6,n/a,n/a,37.9,36,n/a,n/a,37.7,10,67.9,74.8,74.4,41.2,n/a,n/a,49.2,56.5,68.6,n/a,18.5,45.4,n/a,52.9,50.3,44.1,n/a,19.8,88.3,n/a,39.2,36,57.4,19.3,36.4,32.5,33.6,33,41.3,25.3,n/a,n/a,n/a,59.6,24.8,14.4,32.7,36.7
GERD performed by business enterprise,n/a,n/a,3.4,n/a,33.7,59.7,0.6,0.6,n/a,9.2,48.2,n/a,n/a,2,2.6,n/a,n/a,19.6,n/a,n/a,n/a,n/a,21.9,3.6,43.8,2.1,5.8,n/a,11.9,2.1,29.3,52.6,n/a,5.1,1.2,n/a,18.6,0.2,53.2,39.5,n/a,53.2,8.7,n/a,n/a,n/a,9,27.8,39,8,0.6,1.9,30.4,100,20.1,n/a,74.7,n/a,1.3,1.9,89.4,n/a,0.5,4.2,n/a,7.6,17.9,n/a,n/a,15.7,0.2,11.5,n/a,4.6,2.1,0.3,3.8,5.8,0,1.1,n/a,30.4,14.6,n/a,n/a,28.5,1.2,n/a,0,0,n/a,1.3,12.8,16.4,3.3,5.8,18.3,n/a,n/a,0.1,7.6,36.6,9,46,9.1,17.4,1.2,62.2,56,n/a,n/a,0.9,12,n/a,0,3.3,13.7,4.5,10.4,11.2,30.6,54.6,0.4,5.3,n/a,0.1,n/a
GERD financed by business enterprise,4.1,n/a,34,n/a,79.4,67.3,39.1,27.9,n/a,52.9,78.6,n/a,6.6,40.2,22.6,46.6,n/a,28.5,15.2,n/a,n/a,n/a,58.2,42,95.8,43,1.8,n/a,59.8,17.5,44.2,76.1,n/a,0.1,7.9,0.7,52.5,0.9,70.2,71.3,n/a,84.4,40.7,n/a,n/a,n/a,59.5,63.7,42.6,n/a,n/a,39.6,67.7,47.5,59.3,n/a,100,n/a,37,5.5,95.6,1.7,2.8,25.7,n/a,35.9,21.1,n/a,n/a,8.8,12.9,56.5,0.3,26.3,n/a,9.3,36.5,38.3,0.5,14.2,n/a,62.4,51,n/a,0.1,55.3,27.3,n/a,13.8,0.3,n/a,47.2,50,53.6,30.9,47.8,33.9,n/a,n/a,5.2,16.3,69.4,32.1,88.8,53,59.5,52.1,78.2,77.9,2,n/a,n/a,84.9,n/a,n/a,23.6,65.2,17.4,51.6,95.3,62,82.3,5.8,51.2,n/a,4,n/a
Females employed with advanced degrees,27.2,13.3,48.5,42.8,66.8,47.2,37.9,n/a,n/a,100,68.8,n/a,n/a,9.3,26.7,26.9,n/a,58.2,n/a,n/a,n/a,n/a,50.2,46.8,n/a,35.6,38.2,n/a,47.1,70.9,34,64.2,37.5,31.3,16.2,n/a,76.3,17.6,78.4,62.1,45.5,37.5,49.7,10.2,n/a,n/a,39.4,44.7,67.1,n/a,14.1,n/a,73.5,83.8,33.7,n/a,60,n/a,51.8,n/a,47.9,n/a,31.9,69.6,n/a,80.2,60.8,6.7,n/a,36,n/a,36.4,21.6,24,41.1,49.1,n/a,n/a,1.4,n/a,n/a,55.3,57.7,n/a,n/a,72.9,n/a,n/a,48.9,36.7,39.8,38.2,57.6,45.1,13.2,31.2,98.2,n/a,16.9,2,36,68.9,36.9,59.2,29.9,64.2,25.8,71.2,52.6,n/a,3.8,38.1,22.2,n/a,n/a,n/a,23.4,7.9,87.8,n/a,65.4,n/a,40.4,21.6,4.6,n/a,n/a
Innovation linkages,20.8,19.6,17,19.1,32,43.7,20.1,39.6,23.5,13.9,41.8,37.6,13.6,23.9,31.2,28,28,44.6,100,38.1,30.7,22.5,41.5,24.9,28.6,20.5,21.3,20.2,21.6,41.7,36.8,46.1,24.8,17,19.2,26.5,36.9,23.3,56.8,36.2,20.9,45.2,21.5,50.2,22,31.7,47.3,24.7,45.6,37.8,34.7,24.5,44.2,67.8,35.3,28.9,45.3,34.7,16.5,47.5,41,19.6,17.5,40.6,28.7,35.9,64.4,21.6,30.3,34.5,26.7,49,24.4,22.3,18.5,14.5,29.6,18.8,34.5,27.7,25.3,50.7,38.4,1.9,16.4,40,21.1,20.8,21.3,18.7,21.7,21.2,27.5,26.8,33,25.5,20.2,41.7,33.8,39,21.8,46.5,38.7,28.7,33.4,27.2,24.4,52.4,57,20.6,39.7,33.9,22.1,9.3,28.8,19.5,21.2,46.7,25.5,47.4,48.6,46.6,21.3,20.8,19.9,19.8,20.2
University/industry research collaboration,33.9,28.5,40.4,36.9,54.5,63.6,42.7,45.4,25.7,n/a,71,35.6,23.8,29.6,40.3,37.4,38.4,39.7,n/a,30.2,34.7,37.2,59.6,41.1,55.3,44.3,40.9,38.2,31.1,39.2,44.4,64,31.8,35.1,23.8,29.6,51.4,47.2,78.6,54.8,28.7,72.5,27.6,41.8,19.7,35.4,59.8,32,63,58.9,57,33.6,68.5,76.7,44.7,40.8,62.5,47.3,40.9,57.6,56,27.3,28.5,39.2,43.9,51.9,60.8,40,28.5,70,35.8,50,36.5,43.8,25.3,26.6,36.4,35.4,37.8,37.7,25.9,75,62.5,n/a,27.8,62.4,43.4,40.7,39.7,24.6,31.8,41.4,38.2,50.5,70.5,38.8,44.6,38.9,41.9,44,35.9,74.5,38.6,46,57.4,41.8,43.8,69.3,80,55.2,42.3,40.6,46.1,n/a,31.7,32.8,41.1,46.5,41.8,58.5,74.5,76.2,40.7,38.9,14.8,41.4,25
State of cluster development,32.9,34.2,37.2,38.9,49.6,63.8,45.2,60.3,44,n/a,60.1,38.6,30.8,35.8,40.6,49.3,48.9,43.8,n/a,31.3,49.1,36.8,61.9,39.8,60.9,43.5,48.7,30.8,32.7,46.7,46.7,60.7,45.9,37.7,54.5,36.2,46,42.3,64.9,59.3,32.9,72.7,33.6,47.4,33.8,45.5,67.3,39.3,51.5,58.7,57.6,43.3,65.8,53.8,72.6,44.3,70.3,54.6,33.3,52.6,58.6,49,32.7,41.2,47.2,39,69.7,35.6,31.2,69.5,40.8,53.6,52.3,53.8,22.1,28.8,34.8,43.6,34.5,44.5,35.7,71.2,49.1,n/a,41.5,70.2,45.7,44.3,53.3,31.9,37.4,45.7,44.9,52.6,70,37,39.4,52.1,60.6,44.4,35,69.5,48.5,41.5,56.4,54.2,46.3,66.4,68.9,33.5,44.8,47.3,46.2,n/a,41.5,36.3,47,41.3,32.5,73.7,72.3,76,37.9,47.5,32.4,45.3,28.4
GERD financed by abroad,12.4,n/a,1,3.8,2.7,26.9,0.3,20.9,n/a,21.3,22.1,n/a,3.1,28.4,36.3,n/a,n/a,85.4,100,67,n/a,n/a,10.1,21.6,1.2,4.1,2.4,n/a,24.3,39.7,54.5,10.9,n/a,4.1,0.2,28.3,20.4,3.6,24.4,13.1,23.9,8.4,21.6,82.2,n/a,n/a,11.8,25.1,44.2,n/a,n/a,n/a,31.2,82.6,15.7,n/a,0.8,n/a,1.3,79.1,1.3,2,1.7,75.5,n/a,58,54.3,17.8,n/a,0.3,14.8,35.7,10.8,0.6,19.5,4.8,34.7,2.9,66.9,26.5,n/a,25.4,12.1,n/a,1.7,15.9,n/a,4.5,0.4,17.3,n/a,3.1,28.1,9.4,4.1,32.3,4.4,n/a,n/a,68,21.1,11.5,66.2,17.7,21.7,12.4,8.4,11.3,20.3,0.3,70.5,n/a,2.6,9.3,n/a,6.7,1.8,96.1,30.5,n/a,29.5,7.8,12.4,2.5,n/a,2.7,n/a
Joint venture/strategic alliance deals,n/a,0.8,1.3,5.8,53.9,8.6,6.2,68.7,3.7,8.1,17.2,n/a,3.6,7.5,23.7,2.8,2.6,11.6,n/a,n/a,20.4,1.3,56.2,8,10.7,2.8,5.8,1.1,4.8,54.4,2.6,30.9,0.1,n/a,1,n/a,62.6,1.1,40.5,12.4,3.8,10.7,8.7,n/a,n/a,n/a,100,6.9,10.2,9.1,1.3,2.1,19.7,40,7.1,13.2,12.4,15.7,4,10.8,11.6,7.6,24.7,6.1,4.7,1.1,52.7,3.8,n/a,29.3,13.2,21.1,6.4,3,18.4,7.2,n/a,2.8,1.1,12.3,4,21.2,33.7,n/a,0.8,22,12.9,7.5,0.9,7.4,1.6,9.1,3.7,5.3,12.1,0.7,7,23.6,3.8,3.5,2.7,59.5,0.1,15.4,12.9,7.1,16.8,48.5,40.7,n/a,5,n/a,10.6,n/a,n/a,16.9,3.9,5.4,4.3,30.4,35,29.4,6.3,6.3,n/a,0.9,18.1
Patent families filed in at least two offices,0.3,0.2,1.1,5.5,11.1,52.1,0.8,0.4,0,4.8,40.3,n/a,0.2,1.7,0.8,1.4,1.3,2.8,n/a,1.8,0.3,0.2,30.9,2.3,9.9,1.1,0.3,0.3,1.3,25.5,7.9,84.7,0.3,0.1,0.5,0.2,11.2,n/a,100,41.5,0.3,70.8,4.3,0.1,0.9,0.3,13.4,5,54.3,3.5,0,0.1,27.1,85.4,18.8,1.8,100,1.1,1.7,0.3,100,0.2,0.6,5.6,0.5,4.2,89.6,0.4,n/a,2.9,n/a,93.3,1.9,0.8,2.5,0.4,2.4,0.3,n/a,1.4,n/a,65.7,50.4,1.9,0,23.6,0.2,0.1,1.1,0.2,0.2,0.6,4.7,7.8,0.5,0.7,2.3,n/a,2.1,0.7,1.6,29.7,3.3,21,7.3,8.4,0.5,93.7,100,0.6,0.1,0.4,0.6,n/a,0.5,1,5.8,n/a,6.1,1,26.8,52.7,1.4,0.3,0.1,0.3,0.9
Knowledge absorption,31.8,26.9,37.1,27.1,36.6,43.9,22.3,15.7,24,23.6,32.4,23.1,24.3,20.6,15.7,41.9,21.7,33.6,32.6,39.5,23.9,20.4,45.3,38.7,50.1,35.3,47.6,21.7,31.7,43.7,47.2,41.1,22.8,22.6,22.5,29.1,38.3,38.5,50.9,49.7,27.6,43.1,24.2,30.2,24.3,30.7,57.4,47.2,40.4,34.7,34.1,18.4,56.6,53.5,35.8,32.9,54.1,39.3,27.5,25.7,50.9,24.4,28.7,30.9,28.8,24.2,49,38.2,26.7,45.6,39.3,49.4,31,35,31.3,31.1,35.3,21.6,28.5,21.3,31.4,78,38.8,52.1,24.6,37.1,15.6,30.6,34.3,28,37.5,43.8,36.9,31.6,30.6,36.1,41,32.2,34,25.5,29.1,68.9,34,38.5,33,36.9,34.6,54.6,56.3,25.3,24.4,28.1,44.1,19.9,25.9,22.3,32.7,36.3,33,37.8,42.9,55.2,21.6,44.1,21.8,19.6,25.2
Intellectual property payments,16.7,5.9,71,n/a,38.9,21.6,2.9,n/a,2,11,24.8,1.7,15.6,3.9,2.7,62.4,3.6,16.1,0.2,0.1,2.5,2.6,50.5,50.5,27.2,22.2,30.4,0.8,33.8,17.2,20.1,22.8,12.3,8.9,11.3,22.1,6.6,0.7,27.1,49.1,2.5,15,13.8,33.9,1.7,15.1,8.6,36.6,32.2,30.3,25.7,4.9,100,15.9,24.4,26.3,59.5,n/a,8.5,26.7,45.7,n/a,3,5.7,3.9,4.3,71.8,15,3.6,17.3,1.8,89.4,7.5,5.8,14.4,8.2,4.6,5.2,6.7,3.1,n/a,100,47.5,3,11.2,12.9,n/a,13.6,10.9,4.5,19,21.1,29.6,23.6,n/a,30.4,46.4,1.4,n/a,2.9,25,100,18.2,19.2,48.1,32.9,n/a,57,90.6,n/a,0.3,27.2,45.1,2.9,n/a,2.2,9,6.2,20.6,17.5,36.6,43.5,11.2,n/a,1.2,0.5,9.2
High-tech imports,8.1,41.3,49.3,11.6,40.5,30.7,2.8,12.9,31.3,12.3,35.1,0.6,33.7,18.2,5.5,44.7,15.7,22.2,17.6,37.5,2.1,11.7,38.8,35.3,75.4,72.8,41.9,14.1,22.5,4.8,68.5,17.9,14.7,32.5,27.7,33.5,43.7,88.5,25.5,40,17.9,41,18.8,30.9,9.3,22.4,100,50.9,19.5,30.1,27.2,6.8,29.1,40.1,25.2,15.9,55.6,19.6,23.1,37.5,57.1,17.5,18.1,37.7,6.1,19,n/a,15.3,27.5,100,11.9,22.1,28.7,71.7,23.8,13.4,17.6,21.8,14.5,15.8,40,46.9,40.9,23.1,4,20.4,3,35.2,73.4,48.8,38.7,n/a,36.7,17.9,8.7,34.9,27.1,46.3,29.9,13.8,19.2,85,59,15.6,33.7,21.9,15.9,30.6,25.5,n/a,21.4,17.8,59.1,0.9,11.1,35.9,35.3,19.9,24.7,24.7,46.1,68.4,26.7,90.3,9.1,12.3,26.6
ICT services imports,26.8,5.3,25.7,16.4,17.1,34.7,12.8,5.1,2.3,11.2,40.7,23.6,13.3,13.7,9.1,25.8,4.6,19,42.9,47.1,11.6,7.9,16.9,15,8.9,16.9,12.8,13.2,29.5,100,19.8,43.4,4.4,0.4,11.6,7.7,40,29.6,65.6,40.4,9.3,30.6,19,6.9,26,14.9,5.2,24,37.9,14.7,18.3,10.7,12.1,37.5,31.3,27,26.4,n/a,12.8,2.2,8.2,10.9,10.8,23.9,31.5,11.4,51.2,52.2,21.6,29.1,56.3,17.4,23.8,0.3,44.3,28,42.2,9.3,16.9,7.9,10.3,100,24.2,90.1,30,38.2,4.1,19.9,4.5,n/a,25.7,17.2,21.2,22.1,36.3,32.4,29.5,9.5,24.3,47.5,28.1,29.8,16,33.5,19.1,30.1,38.6,58.9,66.3,8,6,29.2,3.9,14.8,0.6,7,1.4,23.2,23.3,10.7,32.4,23.9,7.1,0.6,25.3,6.5,3.2
Foreign direct investment, net inflows,68,44.7,49.3,53.3,54.5,45.2,61.1,44.6,49.5,53.5,n/a,55.8,54,51.2,53.6,56,53.9,55.9,53.6,53.5,68.8,50.5,56,66.1,52.8,57.4,61.8,48.3,53.9,57.5,53.7,43,54.5,46.5,49.7,49.6,52.8,54.4,56.7,46.4,68.4,47.4,47,51.1,48.9,62.6,100,48.5,58.5,49.9,52.6,45.2,99.2,55.3,46.3,59.1,43.7,59,56,49,45.7,44.8,70.1,54.5,61.4,49.5,90.4,58.6,67.4,55.3,49.1,68.8,52.4,53.6,56.5,63.3,74,54.6,93.2,62.7,44,83.7,45,67.7,46.5,42.8,42.8,45.3,69.9,46.9,57.5,50,51.6,55.8,43.9,51.2,49.2,56,47.7,52.2,59.8,84.9,45.7,51,48.8,53.5,47.3,45.7,61,55.2,58,52.1,52.2,52.4,66,51.5,50.1,56.9,51.3,53.1,50.9,49.5,56.9,60.5,41.3,63.7,53.9
Research talent in business enterprise,n/a,n/a,7.3,n/a,33.2,76.1,n/a,0.4,n/a,n/a,57.6,n/a,0.3,7.7,1.1,30.9,n/a,46.1,n/a,n/a,n/a,n/a,66.9,32.6,74.9,0.7,82.7,n/a,19.9,25.6,60.1,69.3,n/a,17.8,6.4,n/a,32.8,0.5,67.8,72.3,n/a,67.5,17.1,n/a,n/a,n/a,48.8,70.9,49.9,46.2,42.4,17.8,64.3,100,46.1,n/a,87.7,n/a,n/a,13.6,95.3,n/a,n/a,19.9,n/a,27.1,43,n/a,2,12.2,58.6,69.3,n/a,29.2,9,n/a,22.6,8.9,0.3,8.2,n/a,70.6,40.7,n/a,n/a,59,12.6,n/a,0.9,n/a,n/a,75.5,41.5,34.5,33.4,28.9,55.5,n/a,n/a,n/a,11.4,60.3,23.1,63.4,23.1,44,36.6,81.9,55.1,n/a,n/a,13.9,60.8,n/a,n/a,4.7,55.7,60.4,38.8,72.7,45.5,84.8,1,25.1,n/a,5.7,n/a
Knowledge and technology outputs,11.4,14.4,17.6,25.7,32.1,38.2,15.4,20.8,16,21.7,33.2,8.5,15.6,17.2,15.6,18.9,13.6,32,15.1,7.9,17.4,15.6,38.7,26,56.4,19.1,22.1,20.4,25.4,41.3,45.8,43.9,17.2,14.3,17,9.3,36.1,15.3,48.8,38.5,23.9,51.1,20.4,13.9,6.5,12.4,36.2,32.3,39.9,30.3,20.9,26.7,55.9,49.6,36.1,14.4,47.1,19.3,17.8,21.6,54.7,29.7,18.3,26.5,19.1,21.3,45,13.6,15.8,31.7,19.1,36.6,13.6,21.5,25.4,21.1,22.5,20.3,20.8,7.9,13.7,62.9,34.2,19.7,9.9,37.5,15.6,18.9,21.7,9.5,15.8,28.3,27.9,29.9,23.1,31,27.6,7.7,21.6,18.4,24.7,47.3,33.5,28,21.5,36.3,21,62.5,69.1,22.4,16.6,18.9,29.8,12.5,22.5,21,27.6,15.6,32.8,20.9,46.5,54.4,20.3,35,6.8,16.1,14
Knowledge creation,2,3.8,9.5,28.9,34.3,42.7,3.3,1.9,4.5,23.8,43.3,5.1,3.2,5.9,2.8,16.7,4.1,23.1,5.1,2.5,3.5,5.6,40.6,11.1,66,6.5,4.3,2.7,19.3,22.8,46.8,50.3,0.9,3.5,8,1.4,31.3,8,61.2,34.6,20.9,67.3,15.8,1.4,0.7,1,20.9,20.4,48.5,14.2,2.9,25,24.1,54.6,30.9,4.8,56.7,10.8,10.7,11.7,80.4,3.5,12.2,13,12.9,14.6,45.9,3.2,9.4,8,3.8,33.3,2.8,8.3,41.5,35.5,11.2,6.2,4.5,4.5,6.1,64.8,41.5,3.2,3.1,34,2.9,8.5,4.6,2.2,6.3,10.6,24.2,22.9,3.5,9.5,38.4,4.5,7.8,6.1,19.2,27.7,26.5,20.7,15.6,31.6,4.7,74.9,85.8,34.1,4.2,6.4,19.6,3.7,3.4,15.3,28.8,6.7,45.5,3.9,56,63.4,10.8,8,1.1,4.7,7.6
Patent applications by origin,2.3,0.8,3.3,24.2,10.7,55.4,6.9,0.8,0.3,22.6,32.3,1.1,0.7,5.6,0.6,7.7,4.2,12.2,1.2,n/a,0.2,1.9,14,5.6,100,2.5,1.2,1.6,10.4,8.1,17.3,70,0.7,0.1,4,0.7,8.8,n/a,78.2,50.3,14.8,100,11.9,0.3,0.3,0.5,3,13.8,29.9,8.4,1.9,53.8,14.6,24.1,9.8,1.5,100,2.6,15.4,5.1,100,0.1,34,18,7,9,51.7,0.4,1.5,8.3,1.4,32.1,0.2,3.2,19,16.1,12.3,4.3,3.8,n/a,0.8,59.1,37.7,1.6,0.2,24.9,0.1,1.2,0.8,2.1,0.9,2.7,27.8,19.5,0.1,13,42.4,1.3,2.9,2.1,9.9,16.6,9.1,9.8,6.5,14.2,5.2,66.1,94.8,0.4,n/a,0.1,5,1.5,0.3,7.5,19.4,0.6,35.7,0.3,39.4,85.4,1.9,5.6,0.3,1.2,1.7
PCT international applications by origin ,0.8,0.2,n/a,4.5,20.6,45.8,0.2,1.2,n/a,1.3,32.1,0.6,n/a,1.2,0.3,2.4,1.9,5.8,n/a,n/a,n/a,0.3,18.6,6,27.1,1.9,0.6,0.3,5.5,16.4,7.5,68.3,0.8,0.6,0.5,0.2,8.3,n/a,88.7,40.1,4.6,61.6,5.1,0.1,n/a,0.3,n/a,8.9,46.4,2.3,0,0.5,18.1,82.8,20.2,n/a,100,n/a,0.7,0.3,100,n/a,0.6,6,n/a,4.3,98.3,0.7,0.6,2.9,n/a,71.4,n/a,1.6,7.2,0.3,2.5,1.8,0.3,0.9,n/a,72.3,23.5,0.7,n/a,23.9,0.5,n/a,8.6,n/a,0.6,0.4,4.3,8.3,0.5,1.2,3,0.6,2.2,2.3,1.9,24.1,4.3,13.9,5.2,11.9,0.8,100,100,n/a,0.1,1.3,1.7,n/a,11.6,0.6,8.5,0.7,6.2,1.6,26.4,40.8,n/a,0.2,n/a,n/a,0.9
Utility model applications by origin,0.3,n/a,2.9,47.3,21.4,31,2.8,n/a,n/a,50.4,n/a,n/a,3.1,n/a,0.2,17.9,n/a,42.6,2.7,n/a,n/a,n/a,n/a,4,100,6.1,2,n/a,17.5,n/a,90.1,10,1.1,2.5,n/a,2.6,44.9,n/a,40.4,1.3,37.9,59.8,0.3,1.5,n/a,1.2,23.3,18.5,n/a,n/a,1.9,n/a,n/a,n/a,24.2,n/a,23.7,n/a,21.4,17.6,100,n/a,15.1,n/a,n/a,n/a,n/a,n/a,n/a,2.4,n/a,n/a,n/a,5.4,100,92,n/a,n/a,n/a,n/a,n/a,n/a,n/a,n/a,n/a,n/a,n/a,n/a,0.8,n/a,10.9,23.4,21.7,8.6,n/a,2.6,68.3,5,n/a,n/a,12.9,n/a,51.5,3.1,n/a,30.4,n/a,n/a,n/a,83.6,n/a,n/a,41.6,n/a,0.1,n/a,48.1,n/a,100,n/a,n/a,n/a,12.2,12.1,n/a,n/a,n/a
Scientific and technical publications,6.6,6.8,12.8,40.3,68.3,50.4,3.8,3,3.4,8.4,56.1,15.3,3.7,13.7,10.9,18.4,8,20.9,14.3,4.8,6.4,14.3,52,25.4,19.2,7.8,9.8,3.3,49.2,57.3,48.4,93.9,n/a,7.8,13.1,0.8,66.7,9.3,77.2,35.2,22,35.6,46.6,1,0.2,0.9,n/a,35.1,100,9,0.2,29.8,32.2,64.2,38.4,8.6,20.7,22,1.9,15.7,40.6,3,7.1,20.4,21.5,34.4,25.8,7.5,28.6,16.7,5.8,24.6,5.8,7.5,17.9,8.5,29.7,9.1,9.8,8.7,11.4,60,71.3,7.8,2.6,48.8,5.3,11.6,5.7,1.6,3.1,1.5,34.8,63.7,8.2,22.6,11.8,12.7,10.5,13.8,69,36.2,27,77.8,23.6,44.7,4.3,74.1,81.5,2.9,8,19.4,8.5,8.8,3.9,44.4,24,16.3,16.6,4.2,58.2,27.4,18,7.2,3.2,7,21.4
Citable documents H index,1.8,7.2,25.3,9.9,63.5,42.8,3.3,2.4,9.8,9.7,52.7,3.4,5.5,3,4.7,35.8,2.1,14.5,5,0.3,4,6.1,77.8,21.3,49.9,14.7,10.1,5.6,15.4,9.2,27.4,49.4,2.1,7.7,14.5,1.4,14.6,6.7,42.1,79.3,7.9,87.1,30.4,3.7,1.6,2.1,33.9,28,17.7,37.1,11.8,15.9,31.3,47.4,68.9,4.3,71.8,7.8,3.6,14,41.8,7.4,1.5,7.8,10.2,10.8,7.9,4.2,7,15.1,4.3,5,2.3,26.8,4.8,4,0.3,9.3,4.1,4,6.1,67.6,33.5,2.8,9.5,38.3,5.8,12.8,10.6,2.9,11.7,12.5,34.8,28.5,5.3,14.8,36.6,2.3,15.5,6.2,8.3,33.9,15.5,16.4,27.2,57.9,8.5,59.5,66.8,n/a,8.7,4.9,19.4,0.9,4.4,8.8,24.9,9.3,14.9,9.4,100,100,9.6,10.6,2,5.9,6.5
Knowledge impact,12.5,27.4,23,24.2,44,37.8,16.7,30.7,29.2,21.1,37.4,3.8,27.9,27.2,29,18.8,2.9,49.5,24.1,3.2,34.4,28.5,36.2,33.8,64.3,30.4,22.4,44.8,31.5,42.7,52,39.8,33.2,23.1,25.3,4.5,43.4,32.7,40.3,39.3,30.7,43.1,25.8,21.1,1.7,15.6,46,43,31.1,40.5,39.8,42.5,62.5,37.2,51,22,33.2,26.2,21.9,29.6,38.8,24.2,23.9,39.2,15.9,28.1,34.2,18.7,21.3,37.1,32.9,59,17.7,30.3,11,13.5,36.1,34.5,40.6,5.5,3.8,44.6,41.1,26.9,10.3,44.1,23.2,31.2,28.2,10.1,27.6,40.3,35.7,41.1,33.9,57.9,15.6,4.3,38.6,25.7,30.4,47.2,50,41.6,26.5,41,33.6,50.5,49.1,25.8,33.1,31.2,39.7,4,23,28.6,34.6,25.7,28.1,30.7,53.2,52.5,31.3,55.8,0.4,33.4,21.1
Growth rate of GDP per person engaged,17.8,58,39.4,61.4,48.1,42.8,35.1,47.7,73.8,19.9,44.7,n/a,65,52,n/a,5.9,n/a,63.2,57.1,n/a,83.6,61.1,43.5,43.3,97.7,46.6,40.6,87.4,40.4,47,66.3,41.3,77.6,31.4,46.6,n/a,25.8,88.5,48.5,47.7,61.2,48.1,22.7,49.4,n/a,n/a,49.4,41.7,42.3,85.5,80.4,71.5,84.1,42.1,42.6,36.9,41.4,44.6,49.3,65.1,51.8,29.8,62.7,52.5,n/a,43.4,60.3,50.5,55.9,48.7,64.4,64.3,n/a,41.9,10.6,n/a,44.3,64.1,78.7,n/a,n/a,50,48.6,65.4,17.7,49.5,34.5,62.4,n/a,n/a,56.5,75.4,59.7,41.4,46,80.9,n/a,n/a,49.7,51.8,44.3,39,54.4,53,19,43.1,78,62.9,35.4,73.1,75.8,52.4,66.4,n/a,32.4,37.1,53,59.6,32.8,51.9,47.6,46.9,51.5,100,n/a,77.8,20.1
New business density,6.4,3.3,2.5,8.8,86.4,4.2,5.7,n/a,0.5,6.1,11.9,n/a,3.3,4.8,76,16.7,n/a,51.3,0.8,n/a,1.2,n/a,7.4,46.5,n/a,11.6,6.4,n/a,26.8,79.4,19.8,25.3,6.9,n/a,0.7,3,93,0.1,19.9,13.1,32.7,7.5,4.4,3,0.7,n/a,100,21.2,54.9,0.7,1.7,n/a,33.5,18,13.4,5.8,0.8,5.7,9.9,10.4,13.3,n/a,6.2,61.5,n/a,24.3,35.3,4,0.4,13.7,n/a,100,29.8,5.4,9.4,36.5,39.7,8.9,n/a,4.9,4,30.9,96.3,n/a,4.4,44.7,5.9,0.2,81.7,n/a,14.1,1.6,3,26.8,9.8,23.6,24.3,8.6,n/a,1.7,9.4,55.1,17.9,25.7,37.9,17.2,2.9,39.8,14.6,1.5,n/a,21.4,5.2,1.5,n/a,8.8,6.5,6.8,5.3,8,74.7,n/a,14.4,n/a,n/a,7.7,n/a
Total computer software spending,10.1,0.4,20.4,9.3,25.2,54.1,5,35.7,14.9,3.1,59.2,4.1,18.3,8.8,10.2,18.2,n/a,25.6,2.6,7,2.5,15.1,73,25.4,36.4,18.8,25,1.2,4.6,14.8,27.9,56.4,1.6,22.4,26.6,3.6,13.7,n/a,49.7,54.5,8.2,49.6,52.4,1,3.5,24.4,34.5,27.8,31.1,21.3,29.8,21.2,75.8,24.9,53.1,28.6,23.1,24.9,1.4,15.4,25.4,40.2,8.3,9.9,3.6,6.5,16.7,2.1,4,33.9,2.6,36.4,15.4,23.7,10.9,11.2,38.5,22.5,2.3,10.4,1.6,57.8,23.6,2.8,11.2,58.2,4.2,23.6,18.5,3.5,21.8,22.8,27,56.8,31.7,26.8,30.1,4.1,37.3,24.4,3.6,30.5,27.2,8.1,33.5,59.9,30.5,52.8,67.7,6.5,0.4,13,26.1,7.1,n/a,28.1,49.7,0.8,63.5,29.4,70.2,100,21.5,28.6,1.6,2.2,36.8
ISO 9001 quality certificates,14,1.6,13.2,1.7,19.6,18.1,2.3,9.6,1.3,35.6,11.8,3.6,5.1,31.7,0.7,9,5,65,2.6,n/a,1.2,1.6,6.4,20.4,24.3,30.3,6.1,3.3,45.4,47.9,51.6,11.8,2.1,11.3,3.9,6.8,49.2,1,18.9,17.1,3.9,22.5,35.4,2.9,1,6.8,9.9,36.6,8.1,7.4,5,3.1,12.5,52.1,100,1.7,15.9,6.7,1.8,7.5,10.6,1.9,0.1,37.3,12.4,24.6,7.4,4.4,1.4,24,0.3,53.6,15.9,5.5,11.9,0.8,13.8,5.8,2.8,2.9,2.3,20.2,11.7,0.7,0.3,11.3,5.3,4.4,3.7,9,5.4,4.8,17.4,42.3,3.5,81,4,0.2,2.9,2.7,42.1,20,57.7,38,9.8,33.1,5.9,14.9,41.4,0.3,1.3,20.4,12.8,3.3,4.3,12.8,8.8,1.8,5.1,12.6,24.3,3,29.5,12.3,0.5,1.3,7.6
High-tech and medium high-tech output,9,42.9,n/a,2.9,36.6,65.1,17.2,12.8,11,42,51.9,n/a,10.4,14.2,n/a,57.4,0.8,28.6,n/a,2.5,n/a,3.4,43.5,23.9,65.4,28.5,15.7,n/a,n/a,20.4,80,62.9,n/a,18.8,27.4,n/a,52.8,18.1,56.5,55.9,16.8,83,17.1,n/a,n/a,n/a,32.7,89,7.9,42.8,41.7,45.5,84.7,44.1,54.4,n/a,76.5,30.8,19.7,14.2,79.8,18.9,3.4,21.6,31.6,26.2,25.4,0.4,10.3,53.6,n/a,35.6,9.5,63.5,12.8,5.3,n/a,41.9,n/a,4,7.2,58.5,17.5,n/a,n/a,51.5,55,34.4,8.8,17.8,11.3,62,47.2,38,66.5,54.1,35.5,n/a,53.4,21.6,38.9,99.7,88.4,71.9,40.1,49.7,6.3,69.6,100,0.5,12.5,27.8,61.6,n/a,n/a,47.8,36.7,n/a,29.2,n/a,54.6,65.6,19.6,38.2,n/a,n/a,n/a
Knowledge diffusion,19.6,12.2,20.4,24,17.9,34.1,26.1,29.9,14.4,20.2,19.1,16.6,15.8,18.5,15,21.1,33.9,23.5,16.2,17.9,14.2,12.7,39.1,33.3,38.8,20.3,39.6,13.6,25.4,58.5,38.7,41.7,17.6,16.3,17.6,22,33.6,5.3,44.9,41.6,20.2,42.7,19.6,19.2,17,20.5,41.8,33.6,40.1,36.2,19.9,12.7,81.1,57.1,26.4,16.3,51.6,21,20.9,23.5,45,61.6,18.7,27.3,28.4,21.1,54.9,19,16.6,50.1,20.7,17.4,20.3,25.9,23.7,14.3,20.1,20.1,17.3,13.5,31.1,79.3,20.1,29,16.4,34.4,20.7,16.9,32.5,16.3,13.4,34,23.8,25.9,32,25.6,28.7,14.2,18.6,23.4,24.5,67.1,24.1,21.8,22.4,36.2,24.8,62.1,72.3,7.3,12.6,19.2,30.1,29.8,41.2,19,19.2,14.3,24.6,28.1,30.3,47.3,18.9,41.4,18.9,10.4,13.3
Intellectual property receipts,2.3,0,10.6,n/a,13.9,18.9,0,n/a,0.1,3.4,30,0,10.5,8.3,0.1,11.3,n/a,6.3,1.1,0.4,0.2,0.1,31.3,4.8,2.4,4.6,1.2,0.3,9.1,0.5,13.7,46.7,n/a,n/a,11.4,14.6,3.2,0.2,74,56.5,0.4,34.5,4.3,4.7,0.3,0.5,4.8,46.6,72.8,4.8,1.6,0.7,65.9,32.6,23.4,4.9,96.2,n/a,0.1,16.8,37.5,n/a,1.5,2,3.6,3.4,35.7,19.2,n/a,2,0.2,61.4,2,3.6,6.2,2.3,1.8,0.1,0.1,0.1,n/a,85,25.3,0,n/a,16.5,n/a,2,1.1,n/a,2.5,0.7,8.5,5,n/a,5.8,9.9,0.7,n/a,3.3,9,27.2,1.6,8.6,5,18.1,n/a,90.9,86.3,0.3,n/a,7.5,3.5,0,n/a,5.5,n/a,3.2,8.2,20.9,58.6,100,0.1,n/a,17,n/a,1.3
High-tech exports,1.4,n/a,6.9,1.1,6.9,31.2,0.2,0.4,0.5,6,37.7,0.2,0.8,4.7,1.7,13.8,4.7,12.6,0.6,0.2,3.1,0.6,19.1,2.7,100,5.2,17.4,1.9,13.1,1.6,56.9,23.3,3.8,1.5,0.5,8.2,39.7,0.4,17.1,49.2,1.7,47.4,7.7,5.1,0.5,1.8,0.3,47.3,4.5,10.9,11.9,1.8,39.7,53.6,19.2,0,43.6,2.3,20.1,1.9,84.4,0.9,4.1,27.4,0.6,20.8,2.3,0.1,0.6,100,0.4,16,0.1,50.3,2.1,0.2,1.9,5.2,1.4,5.5,0.2,44.2,4.7,10,0.6,13.1,1.6,2.5,58.3,1.5,1.7,n/a,24.7,8.9,0.9,20.5,11.6,1.5,0.4,1.9,7.4,99,31.7,16.9,7.7,13.5,1.1,30.8,49.1,n/a,0.3,7.3,51.8,0.1,0.1,14.8,4.5,0.5,10.6,0.9,31.4,24.2,7.8,91.3,0,2.1,0.7
ICT services exports,25.8,2.3,21.3,32.8,7.3,27.1,3.9,31.2,10,28.7,27.6,17,8.7,15.3,2.3,6,3.2,25.1,12.1,29.7,3.8,11.5,13.5,4.7,10,4.6,100,6.6,23.2,90.2,16.3,23,9.6,3.3,15.8,19.5,29.6,15.2,93,20.2,5.3,18.4,14.1,27.1,25,26.8,3.9,16.1,25.7,100,5.4,1.4,100,100,13.7,21.3,3.6,n/a,2.5,40,5.4,45.5,5.8,23.2,26,7.6,36.4,15.3,8.3,12.3,43.9,9.4,24.5,n/a,44.4,1.7,29.7,27.1,1.7,0.1,62,67.2,11.3,56.3,0.8,14.3,1.6,20,9.9,0.9,2.8,40.5,17.7,12.8,6.5,38.3,10.8,8.4,0.8,49,31.5,9.2,9.7,16.8,5.1,26.6,37.6,66.7,34.4,5,3.7,23.5,1.3,12.1,0.4,14.5,0.6,9.3,41,15.3,31.2,13.7,23.9,0.5,18.1,2.4,0.1
Foreign direct investment, net outflows,34.2,29.2,31.6,31,30.6,46.6,63.2,44,30.8,31.5,n/a,33,29.5,32,35.3,37.2,63.8,36.8,33.6,29.5,31.9,25.6,65.8,77.1,40.9,43.6,39.8,29.6,40.7,100,53.4,57.8,28.4,30.1,30.2,33.9,47.8,n/a,20.1,41,46.8,56.6,36,29.5,29.6,36.8,100,29,48.8,32.7,40.4,29.7,100,49.5,37.9,27.6,57.2,30.4,40.9,29.4,48.9,100,41,42,55.9,36.9,100,30.2,28.7,68,29.6,n/a,37.5,37.9,32.8,33.6,33.6,34.1,41.6,31,n/a,100,29.5,39.3,32.1,64,39.8,29.9,46.7,31.3,30.1,47.3,34.2,51.3,60.2,31.6,55.7,30.3,36.5,31.4,37.2,100,38.8,33.3,47.1,61.3,30.2,61.1,95.8,11.8,29.5,28.8,47,68.4,82.1,30,35.9,29.2,31.6,51.6,15.2,49.2,31.3,36.8,29.7,18.5,32.2
Creative outputs,20,16.7,27.6,37.5,46.1,48.3,25.5,29,17.6,11.7,47.1,21,21.7,21.4,17.1,26.6,19.4,44.1,1.8,16.9,24.4,16.7,44.8,32.1,45.3,28.6,38.3,18.7,37.9,38.2,46.7,53.5,31.9,30.1,21.6,25.3,53.6,25,47.3,51.4,29.3,55.9,35.5,26,13.5,23.5,45.4,37.9,62.9,25.9,28.1,30.2,50.9,43.9,42.9,29.7,40.8,28.6,21.9,27.8,49.4,34.1,17.4,49.4,27.5,39.6,65.8,25.4,16.5,37.3,14.5,56,31.4,32.6,39.3,42,36.1,29.4,16.5,28.3,18.1,59,49,2.7,19.9,47.1,24.8,17.4,35.6,36.4,27.4,22.8,39.7,46.7,34.5,32.9,31,19.6,28.4,19.6,29.1,42.9,40.8,46.4,28,44.4,25.8,53.3,62.5,19.2,30.6,33.7,34.6,3.5,20,28.3,43.4,18.9,35.6,36.1,60.5,53.5,30.9,34.8,11,14.9,17.2
Intangible assets,27.6,26,36.6,49.1,50.3,54.9,37.9,36.5,30.1,11,51.3,28.6,29.2,26.5,28.4,38,28.7,59.4,1,29.2,36.7,28.3,50.8,46.3,71.1,39.5,48.6,33.1,43.6,44,51.4,53.8,41.4,47.4,30.2,39.1,59.9,44.3,57.7,64,37.6,65.7,44.1,41.3,23.9,40,53.1,41.4,58.3,39,37.5,47.8,62.5,49.3,53.5,52.7,52,38.9,32.1,40.9,70.4,50.2,25.7,47,32.4,48.8,74.8,41.6,26.7,46.1,26.1,62.8,37.8,41.7,63.3,62,41.7,49.4,30.3,40.1,26.7,57.7,56.8,0,32.8,51.5,40.9,29.4,46.6,62,38.1,37.6,45.9,61.2,51.8,39.8,37.6,36,36.4,34.2,31.7,49,48.3,59.3,40.5,56.5,37.8,58.7,65,26.8,48.3,45.4,42.6,3.3,30.9,42.1,64.7,34.8,53.7,45.7,63.9,50.1,42.9,46.2,18.3,28,28.2
Trademark application class count by origin,13.2,12.4,30,55,36.1,31,8,2.5,7.8,13.3,25,3.4,17.6,8.2,4.8,20.6,0.8,58.2,1.1,n/a,11.6,3.2,25.9,34.8,69.2,18.2,40.7,4.4,25.7,38.4,33.7,18.4,23.1,32.5,5.5,42.7,42.3,n/a,26.1,55.8,27.2,34.1,n/a,19.8,6.6,25.1,35.4,18,44.8,15.7,6.3,n/a,n/a,6.2,25.3,64.8,30.4,16.5,8.1,16.5,52.9,n/a,8.2,37.1,7.3,25.6,67.5,28.9,10.3,9.6,2.3,53.5,20.3,20.5,76.9,100,n/a,25,17.4,32,17.6,31.1,48,n/a,9.7,16,n/a,12.5,28.6,100,25.9,14.1,22.8,48.8,1.9,26.7,21.9,5.7,1.8,5.4,16,8.7,33.6,57,14.8,30.1,13.3,28.3,40.7,4.2,n/a,n/a,15,4,8.4,n/a,62.5,6.3,54.7,5.4,26.7,10.6,25.4,41.7,8.5,4,4.7
Industrial designs by origin,2.3,7.9,6.1,6.4,13.2,42.6,0.2,0.1,11.8,6.3,15.6,1.7,1.8,3,1.7,5.4,0.5,58.5,0.7,n/a,0.7,1.8,2.5,0.4,100,2.7,0.6,8.7,29.8,29.1,27.5,41,1.6,n/a,8.2,1,22.9,n/a,28.7,40.2,26.4,89,22.6,0.7,25,0.8,17.2,17.5,5.5,4.5,4.9,34.8,7,19.7,100,14.1,27.6,3.4,0.9,2.6,100,n/a,5.4,20.9,n/a,10.4,74.6,31.1,n/a,4,2.7,70,2.3,4,100,39.6,4.2,73.4,4.7,0.1,1.1,16.8,10.9,0.1,4.4,9.2,n/a,1.9,1,n/a,1.7,3.8,n/a,52.1,n/a,13.5,3.6,1.2,0.9,3.2,6.6,8.9,11.1,n/a,5.2,69,9.3,27,54.3,0.1,n/a,8.8,16.3,1.8,2,5.3,100,n/a,68.1,0.6,n/a,6.6,0.4,17.8,0.1,2.5,n/a
ICTs and business model creation,49.6,45.2,46.6,59,68.5,72.9,63.8,66.8,49.5,n/a,76.4,50.1,47.4,44.7,52.5,58.2,51.9,62,n/a,31.9,60.7,51.4,75.8,71.5,65.4,61.5,67,56.3,57.8,54.3,68.7,75.3,65.6,57.4,50.3,49.1,75.9,44.4,83.1,76.7,50,77.3,54.2,65.3,35.9,59.4,70.7,63.8,78.6,56.6,62.9,58.8,80.4,80.9,61.6,62,71.3,64.6,54.4,67.8,76.7,53.4,41.1,60.5,48.5,70.9,82.7,53.4,39.4,76.2,48.8,69.9,60,66.6,49.5,55.8,56.7,62.3,49.3,58,41.1,83.2,76.1,n/a,57.5,79.1,55.3,51.3,71.8,49.9,59.8,60.9,61,76.8,79.5,57.1,52.7,68,68.8,59.7,49.6,81.5,67.1,62.1,65.5,73.7,60.6,83,83.3,47.3,51.8,57.9,67.1,n/a,53.1,58.9,63.2,54.7,47,79.9,83.8,79.2,67.6,57,29.9,48.6,46.6
ICTs and organizational model creation,32.6,29.6,48.5,54.6,64.8,67.1,60.8,58.2,42,n/a,70.4,45.7,36.1,38.4,41.3,51.3,47.7,58.6,n/a,26.5,55.6,43.7,74.8,55.5,64.4,57.2,62.3,50.8,54.3,46.6,63.6,74.1,55.6,52.2,45.7,44.5,79.9,44.2,78.5,71.3,41.3,74,44.7,59.2,28.6,54.9,71.2,54.5,77.8,61.9,59.8,43.4,72.2,75.5,50.5,50.7,66.3,53.3,49.2,57.5,66.8,47,38,56.6,41.4,68.9,74.2,47.6,30.5,73.7,38.9,61.2,50.9,57,45.1,41.2,45.5,48.8,37,50.1,34,79.2,69.1,n/a,45.2,80.7,47,38,62.1,36.2,47,54.8,54,62.6,74.1,48.7,55.1,51.7,56.5,53,42.1,76.7,62.7,58.9,59,59.4,53.6,80.5,76.2,42.1,44.7,51.2,58.9,n/a,45.6,43.7,50.8,43.4,52.3,74.5,81.3,82.3,57,54.2,25.7,44,33.2
Creative goods and services,5.7,5.7,12.9,26.1,27.4,33.9,7.5,18.6,1.1,4.2,39.8,19.6,16.2,11.2,6.1,7,4.5,26.5,4.7,8.4,14.7,7.6,20.7,10.1,31.3,14.1,36.4,2.8,36,20.4,39.9,39.8,30.2,12,15.2,9.6,48.8,10.6,27.1,34.5,21,31.7,22,7.8,6.1,2.5,22.7,32.9,53.7,17.5,22.3,6.4,28.3,33.2,25.8,2,34.3,17.2,5.6,22.9,28,10,4.3,53.4,28.8,25.4,39.9,13.4,11.7,38.4,0.5,45.1,32,29.9,12.5,27.2,16.5,5.6,2,18.9,5.6,42.8,26.3,10.2,10.7,27.4,3.9,1.4,17.9,8.6,16.3,3.7,34.1,24.6,12.2,25.2,18.9,3.3,17.1,6.5,19.8,36,38.3,32,17.9,23.9,14.1,35.8,51.5,12.7,22.5,20.9,34.4,4.4,2,17.7,20.7,1.4,9.3,28,45.6,48.2,11.2,27.4,1,1.5,8.4
Cultural and creative services exports,2.4,0.2,19.6,16.6,16,55.5,2.3,n/a,0.2,2.3,83.1,58.2,3.2,0.3,n/a,4.5,n/a,55.3,14.9,17.1,n/a,2.9,33,n/a,1.7,6.6,100,1.3,78,24.8,25.5,34.1,n/a,16.5,n/a,0,76.4,0.1,15.8,58.8,4.1,33.3,32.4,0.9,20.4,n/a,7.7,31.2,16.6,6.4,n/a,n/a,10.7,63.5,14.8,3.7,4.6,n/a,0.7,0,14.8,n/a,n/a,60.8,12.4,22.4,100,1.3,2,n/a,1.2,0,2,1.1,19.4,0,4.5,4.1,1.6,n/a,n/a,54,n/a,37.2,n/a,3,n/a,0.5,7.6,0.2,5,2.9,50.5,30.5,n/a,78.9,47.5,0,n/a,10.5,11.5,n/a,16.6,44.8,7.9,n/a,n/a,44.5,n/a,n/a,n/a,12.5,n/a,0.1,n/a,n/a,0.3,0.3,5.9,n/a,52.2,100,n/a,n/a,n/a,n/a,n/a
National feature films produced,12.2,n/a,22.9,61,7.1,23.9,27.1,n/a,2.4,0.5,32,n/a,3.3,17.7,n/a,3.2,n/a,17.8,1.9,0.6,11.5,6.7,14.4,10.8,2.4,6,14.9,n/a,16.9,16.9,26.7,65.1,3.5,7.9,2.1,1,100,n/a,42.6,25.1,20.4,14.5,20.2,4.3,3,3.5,38.3,21,100,7.9,1.9,5.4,37.2,22.6,16.3,n/a,24.8,n/a,4.9,n/a,25.6,n/a,1.9,45,13.4,16.2,100,9.7,n/a,13.5,0.5,84.1,34.7,6,1.2,73.7,48.9,2.8,6.2,n/a,n/a,26.5,32.5,2.7,41.1,22.7,n/a,0,1.5,4.7,5.2,3.1,5.3,15.6,n/a,6.8,4.2,n/a,n/a,1.3,20,17.8,23.3,49.4,2.2,28.5,3.8,27.2,62.4,6.5,n/a,23.6,3.6,17,n/a,5,9.2,n/a,0.3,5.2,24.2,12.7,17.3,0.7,n/a,n/a,n/a
Global entertainment and media market,n/a,1.1,13.4,n/a,63.9,65.3,n/a,8,n/a,n/a,52.8,n/a,n/a,n/a,n/a,7.9,n/a,n/a,n/a,n/a,n/a,n/a,55.6,11.2,5,4.7,n/a,n/a,n/a,n/a,20.3,76,n/a,n/a,1,n/a,n/a,n/a,62.6,53.1,n/a,57.8,18.6,n/a,n/a,n/a,56.2,12.6,n/a,0.3,1.8,1.3,49.3,35.9,28.1,n/a,61.8,1.7,n/a,2.3,47,10.7,n/a,n/a,3,n/a,n/a,n/a,n/a,11.2,n/a,8.8,n/a,8.3,n/a,n/a,n/a,0.6,n/a,n/a,n/a,50.4,56.8,n/a,0.8,100,4.8,0.2,n/a,n/a,5.9,2.3,11.1,32.2,25.9,4.9,4.6,n/a,11.3,n/a,n/a,42.2,n/a,n/a,8.6,26,n/a,71.5,98.7,n/a,n/a,n/a,5.5,n/a,n/a,0.9,7,n/a,n/a,16.5,71.6,97.1,n/a,0.9,n/a,n/a,n/a
Printing and publishing output,n/a,16.3,n/a,26.4,30.7,17.6,7.5,21.6,n/a,n/a,16.6,n/a,15.2,13.9,n/a,9.1,4.6,18.1,n/a,15.9,n/a,17.6,3,14,5.2,33,35.6,n/a,n/a,39,13.2,13.3,n/a,21.9,3.8,n/a,29.1,25.8,16.2,15.5,47.4,14.9,11.6,n/a,n/a,n/a,n/a,9.9,100,6.5,5.2,0.2,10.2,16.6,16.4,n/a,30.6,16.1,8.5,58.8,1.3,7.2,7.4,45.4,64.7,14.4,15.7,30.5,24.9,10.7,n/a,100,49.4,6,25.2,44.5,n/a,9.8,n/a,n/a,3.8,18.7,25.2,n/a,n/a,17.8,8.7,2.1,48.8,18.3,39.9,5.1,15.2,17.4,11.6,13.9,16.6,n/a,34.3,10.1,22.8,9.5,6.4,25.2,36.3,21,24.9,17.6,14.9,15.7,42.9,39.2,9.2,n/a,n/a,8.4,11.9,n/a,12.5,37.4,28.4,27.4,16.7,8.1,2.6,n/a,n/a
Creative goods exports,4.1,n/a,4.2,13,21.6,28.7,0.3,30.1,2.1,7,38.5,0.3,30.1,10.6,6.1,7.5,4.4,24.9,0.9,0.5,16.3,0.3,18,5.2,100,7.7,16,3.6,24.5,1.4,90.2,38.4,43.5,1.9,40.2,18.6,29.2,0.6,18.2,36.9,3.5,43.2,30,13,0.5,3.3,5.8,72.8,2.9,47.6,59.7,15.6,40.3,38.6,44.4,1.2,43.9,26.1,5.4,8.8,53,12.5,2.5,61.8,21.8,42.5,3.9,4.2,3.4,92.1,0.1,11.3,28.1,91,2.1,0.2,6.2,6.1,0.2,18.9,7.3,65.5,9.1,0.5,0.4,15.3,0.7,2.3,0.4,5,8.9,n/a,70.6,29.7,5.9,29,21.4,5,2.7,3.4,20.8,68.6,88.7,23.8,17,23.3,8.4,36.2,59,n/a,2.1,5.3,89.4,0.1,2,41.8,52.5,1.9,12.2,35.9,57.4,36.6,2.6,73.4,0,1.4,8.4
Online creativity,19.2,9,24.4,25.7,56.2,49.6,18.8,24.7,8.9,20.8,46.1,7.4,12.3,21.5,5.5,23.4,15.6,31.2,0.4,1,9.8,2.4,56.9,26,7.8,21.1,19.5,5.7,28.3,44.4,44,66.5,14.4,13.7,11,13.6,45.9,0.9,46.7,43,20.9,60.4,32,13.5,0,11.6,52.7,35.9,81.4,8.1,15.2,18.7,50.5,43.7,38.6,11.3,25.1,19.4,17.7,6.6,28.8,25.9,14,50.2,16.4,35.4,74,5.2,0.9,18.5,5.2,53.5,18.1,17.1,18,17,44.6,13.3,3.3,14.4,13.7,77.8,56.1,0.3,3.4,57.8,13.3,9.7,31.3,13.1,17.1,12.4,32.7,39.6,22.4,26.9,30.1,3.2,23.5,3.4,33.2,37.8,28.5,34.8,12.8,40.8,13.6,60.2,68.6,10.7,3.5,23.1,18.8,3.3,16.1,11.2,23.5,4.6,25.8,25.1,68.7,65.4,26.5,19.3,6.3,2.2,4.1
Generic top-level domains (gTLDs),7.3,0.5,3.1,2.8,63.6,36.9,1,5.4,0.4,1.8,22.1,0.6,1.8,2.4,1.1,1.6,7,22.7,0.1,0,1.1,0.2,76.4,2.2,2.4,2.9,11.5,0.5,14.1,68.2,17.1,48.5,2.9,2.1,1.2,2.5,9.2,n/a,29.3,41.3,1.8,55.3,12.4,4.3,0.1,0.7,70.8,10.3,100,0.9,1.6,1.8,61.4,23.2,23.1,1.9,15.1,6.6,0.3,1.1,8.2,8.1,0.2,9.4,6.9,13.8,92.5,0.1,0.2,6.3,0.1,94.5,12.7,2.5,2.1,0.6,1.4,1.6,0,8.7,0.5,77.9,34.3,1,0.5,51.5,1.8,0.6,44.6,1.7,5.3,1.2,7.1,18.9,4.4,4.5,3.3,0.2,3.1,1.1,1.5,25.8,3.1,21.1,3.2,28.1,0.8,43,60.5,0.1,0.2,6.6,5.4,0.6,4.5,2.7,12.2,0.2,4.4,11.2,61.9,100,6.4,2.6,0.4,0.1,0.4
Country-code top-level domains (ccTLDs),1.3,0.1,5.8,4.9,52.8,61.4,1.1,1.2,0,5.2,58,0,0.5,2,1.4,7.7,0.9,2,0,0.1,0.1,0.3,28.6,11.8,5.8,17.2,1.6,0.1,9.5,4.7,49.6,98.4,1.1,1.1,0,0.6,40.7,0,31.6,20.2,2.1,83.8,16.3,0.5,0.1,0.4,17.5,29.1,77,0.7,2,4.3,20.2,13.5,21.4,1,5.1,0.3,3.1,0.7,8,0.4,0.4,43,0.3,26.6,63.9,0,0.3,4.3,11.1,7.3,2.3,2.8,2.3,1.4,100,0.8,0.1,0,0.8,100,62.4,0,0.1,56.8,0.1,0.1,1.2,1.3,1.4,0.3,27.9,35.6,3.5,18.4,15.2,0.1,0.6,0.2,4.3,11.9,25.5,24.4,8.9,16.6,0.2,63.6,100,0.4,0.1,1.4,0.4,n/a,1.5,0.2,2,0.1,5,5.6,69.5,2.9,10,2.6,0,0,0.1
Wikipedia yearly edits,49.1,28.9,51.5,69.6,63.8,65,54.4,49,26.3,55.3,59.9,21.6,34.6,58.2,14.1,44.6,39,63.2,1.1,2.9,28.1,6.6,64.1,53.9,15.1,41,45.4,16.6,59.4,60.1,64.6,63.3,39.2,37.9,34.8,37.6,70.7,2.6,70,67.3,58.9,65.5,59.4,35.6,0,33.6,68,65.5,67.2,28.4,34.5,50.1,63.1,73.4,62.5,30.9,54.8,52,49.8,23.6,53.6,49.4,41.5,66.6,41.7,61.6,65.4,15.4,2.1,44.3,4.5,58.6,39.4,38.2,49.7,48.9,53.1,38.3,9.8,34.6,39.8,69.3,66.7,n/a,12.6,75.5,38.4,28.3,48.2,36.4,41.4,38.9,60.2,56.4,43.9,49.4,59.6,9.3,44.9,10.6,100,57.7,59,64.9,36.3,65.2,39.9,71,64.7,31.8,10.1,59.4,41.2,9.2,42.4,32.8,50.3,18.1,58.9,44.4,66.9,58.8,63,47.7,24,6.6,11.8
Video uploads on YouTube,n/a,6.5,37.5,n/a,44.8,34.9,n/a,42.9,n/a,n/a,44.1,n/a,n/a,23.2,n/a,39.8,n/a,36.8,n/a,n/a,n/a,n/a,58.6,36,n/a,23.4,n/a,n/a,30.3,n/a,44.8,56.1,n/a,n/a,8,n/a,63,n/a,56.1,43.3,n/a,36.8,39.8,n/a,n/a,n/a,54.6,38.9,n/a,2.5,22.8,n/a,57.3,64.8,47.3,n/a,25.3,18.8,n/a,1.1,45.4,45.8,n/a,81.8,16.9,39.5,n/a,n/a,n/a,19,n/a,n/a,n/a,24.9,n/a,n/a,23.9,12.6,n/a,n/a,n/a,64,60.9,n/a,0.4,47.5,13,n/a,n/a,n/a,20.3,9.2,35.8,47.5,37.7,35.4,42,n/a,45.4,1.9,27,55.9,26.6,28.9,2.9,53.4,n/a,63.2,49.2,n/a,n/a,25.1,28.2,n/a,n/a,9.2,29.5,n/a,34.9,39.1,76.4,100,n/a,24.3,0.8,n/a,n/a
